<?xml version="1.0"?>
<gpx
 version="1.1"
 creator="GPS Tracks - https://www.dmsoftwaresolutions.com"
 xmlns:xsi="http://www.w3.org/2001/XMLSchema-instance"
 xmlns="http://www.topografix.com/GPX/1/1"
 xsi:schemaLocation="http://www.topografix.com/GPX/1/1 http://www.topografix.com/GPX/1/1/gpx.xsd">
  <metadata>
    <name>Clearwater 6/14</name>
    <link href="https://www.dmsoftwaresolutions.com">
      <text>GPS Tracks</text>
    </link>
    <time>2026-06-14T22:47:37Z</time>
  </metadata>
  <wpt lat="47.225298038728475" lon="-113.53701498505528">
    <ele>1217.061915951781</ele>
    <time>2026-06-14T22:51:31Z</time>
    <name>Start</name>
    <cmt></cmt>
  </wpt>
  <wpt lat="47.21234639645088" lon="-113.52751164772515">
    <ele>1217.4726648144424</ele>
    <time>2026-06-15T01:54:05Z</time>
    <name>End</name>
    <cmt></cmt>
  </wpt>
  <trk>
    <name>Clearwater 6/14</name>
    <trkseg>
      <trkpt lat="47.225298038728475" lon="-113.53701498505528">
      <ele>1217.061915951781</ele>
      <time>2026-06-14T22:51:31Z</time>
      </trkpt>
      <trkpt lat="47.225298038728475" lon="-113.53701498505528">
      <ele>1217.6966582294554</ele>
      <time>2026-06-14T22:51:35Z</time>
      </trkpt>
      <trkpt lat="47.22522440091855" lon="-113.53709968794718">
      <ele>1213.6415367452428</ele>
      <time>2026-06-14T22:51:39Z</time>
      </trkpt>
      <trkpt lat="47.22522440091855" lon="-113.53709968794718">
      <ele>1213.993389973417</ele>
      <time>2026-06-14T22:51:50Z</time>
      </trkpt>
      <trkpt lat="47.22527414731616" lon="-113.53726634740029">
      <ele>1215.990334538743</ele>
      <time>2026-06-14T22:51:55Z</time>
      </trkpt>
      <trkpt lat="47.22527414731616" lon="-113.53726634740029">
      <ele>1216.0345733184367</ele>
      <time>2026-06-14T22:52:05Z</time>
      </trkpt>
      <trkpt lat="47.225263024716575" lon="-113.53740186075973">
      <ele>1216.2107320223004</ele>
      <time>2026-06-14T22:52:05Z</time>
      </trkpt>
      <trkpt lat="47.22525207969433" lon="-113.53754079491831">
      <ele>1217.063206818886</ele>
      <time>2026-06-14T22:52:16Z</time>
      </trkpt>
      <trkpt lat="47.22525207969433" lon="-113.53754079491831">
      <ele>1217.2206786945462</ele>
      <time>2026-06-14T22:52:20Z</time>
      </trkpt>
      <trkpt lat="47.22516630327917" lon="-113.53760021659473">
      <ele>1216.808002651669</ele>
      <time>2026-06-14T22:52:34Z</time>
      </trkpt>
      <trkpt lat="47.22516630327917" lon="-113.53760021659473">
      <ele>1216.5468727583066</ele>
      <time>2026-06-14T22:52:35Z</time>
      </trkpt>
      <trkpt lat="47.225077124182356" lon="-113.53756265104114">
      <ele>1216.957962501794</ele>
      <time>2026-06-14T22:52:48Z</time>
      </trkpt>
      <trkpt lat="47.225077124182356" lon="-113.53756265104114">
      <ele>1219.0352803869173</ele>
      <time>2026-06-14T22:52:50Z</time>
      </trkpt>
      <trkpt lat="47.22498406155454" lon="-113.53753782604724">
      <ele>1216.3223887523636</ele>
      <time>2026-06-14T22:53:02Z</time>
      </trkpt>
      <trkpt lat="47.22498406155454" lon="-113.53753782604724">
      <ele>1210.1830670498312</ele>
      <time>2026-06-14T22:53:05Z</time>
      </trkpt>
      <trkpt lat="47.22489140830749" lon="-113.53751343179812">
      <ele>1218.0053184600547</ele>
      <time>2026-06-14T22:53:17Z</time>
      </trkpt>
      <trkpt lat="47.22489140830749" lon="-113.53751343179812">
      <ele>1217.9207025449723</ele>
      <time>2026-06-14T22:53:20Z</time>
      </trkpt>
      <trkpt lat="47.22479577613147" lon="-113.53747944393322">
      <ele>1217.64119956363</ele>
      <time>2026-06-14T22:53:31Z</time>
      </trkpt>
      <trkpt lat="47.22479577613147" lon="-113.53747944393322">
      <ele>1216.7207235014066</ele>
      <time>2026-06-14T22:53:35Z</time>
      </trkpt>
      <trkpt lat="47.224702671910954" lon="-113.53745372263647">
      <ele>1217.8129039900377</ele>
      <time>2026-06-14T22:53:43Z</time>
      </trkpt>
      <trkpt lat="47.224702671910954" lon="-113.53745372263647">
      <ele>1217.2345429304987</ele>
      <time>2026-06-14T22:53:50Z</time>
      </trkpt>
      <trkpt lat="47.224631535779054" lon="-113.53735259719623">
      <ele>1217.9604128394276</ele>
      <time>2026-06-14T22:53:53Z</time>
      </trkpt>
      <trkpt lat="47.22459276053242" lon="-113.5372268820161">
      <ele>1212.1350147956982</ele>
      <time>2026-06-14T22:54:01Z</time>
      </trkpt>
      <trkpt lat="47.22459276053242" lon="-113.5372268820161">
      <ele>1214.295118986629</ele>
      <time>2026-06-14T22:54:05Z</time>
      </trkpt>
      <trkpt lat="47.22453117324937" lon="-113.53709036616537">
      <ele>1215.4928696062416</ele>
      <time>2026-06-14T22:54:16Z</time>
      </trkpt>
      <trkpt lat="47.22453117324937" lon="-113.53709036616537">
      <ele>1215.6729765078053</ele>
      <time>2026-06-14T22:54:20Z</time>
      </trkpt>
      <trkpt lat="47.22446662097156" lon="-113.53692632280352">
      <ele>1214.957128336653</ele>
      <time>2026-06-14T22:54:34Z</time>
      </trkpt>
      <trkpt lat="47.22446662097156" lon="-113.53692632280352">
      <ele>1216.0999804018065</ele>
      <time>2026-06-14T22:54:35Z</time>
      </trkpt>
      <trkpt lat="47.22444352977422" lon="-113.53679026749495">
      <ele>1217.0961414566264</ele>
      <time>2026-06-14T22:54:45Z</time>
      </trkpt>
      <trkpt lat="47.22444352977422" lon="-113.53679026749495">
      <ele>1217.523205843754</ele>
      <time>2026-06-14T22:54:50Z</time>
      </trkpt>
      <trkpt lat="47.22444352977422" lon="-113.53679026749495">
      <ele>1215.8872522776946</ele>
      <time>2026-06-14T22:55:05Z</time>
      </trkpt>
      <trkpt lat="47.22456475230405" lon="-113.53660536263034">
      <ele>1216.6959429569542</ele>
      <time>2026-06-14T22:55:18Z</time>
      </trkpt>
      <trkpt lat="47.22456475230405" lon="-113.53660536263034">
      <ele>1216.7543423818424</ele>
      <time>2026-06-14T22:55:20Z</time>
      </trkpt>
      <trkpt lat="47.22456475230405" lon="-113.53660536263034">
      <ele>1216.7543423818424</ele>
      <time>2026-06-14T22:55:35Z</time>
      </trkpt>
      <trkpt lat="47.224521538606254" lon="-113.5364504068501">
      <ele>1217.8112779334188</ele>
      <time>2026-06-14T22:55:42Z</time>
      </trkpt>
      <trkpt lat="47.224521538606254" lon="-113.5364504068501">
      <ele>1218.1551062837243</ele>
      <time>2026-06-14T22:55:50Z</time>
      </trkpt>
      <trkpt lat="47.224452028192644" lon="-113.536347937584">
      <ele>1217.4330310458317</ele>
      <time>2026-06-14T22:55:55Z</time>
      </trkpt>
      <trkpt lat="47.22439250455308" lon="-113.5362489335515">
      <ele>1216.2177641158924</ele>
      <time>2026-06-14T22:56:05Z</time>
      </trkpt>
      <trkpt lat="47.22439250455308" lon="-113.5362489335515">
      <ele>1216.2177641158924</ele>
      <time>2026-06-14T22:56:05Z</time>
      </trkpt>
      <trkpt lat="47.224307074825695" lon="-113.53615667038098">
      <ele>1216.7834798078984</ele>
      <time>2026-06-14T22:56:17Z</time>
      </trkpt>
      <trkpt lat="47.224307074825695" lon="-113.53615667038098">
      <ele>1217.7179189808667</ele>
      <time>2026-06-14T22:56:20Z</time>
      </trkpt>
      <trkpt lat="47.22422277416628" lon="-113.53610256429347">
      <ele>1217.2667818320915</ele>
      <time>2026-06-14T22:56:30Z</time>
      </trkpt>
      <trkpt lat="47.22422277416628" lon="-113.53610256429347">
      <ele>1216.7732071327046</ele>
      <time>2026-06-14T22:56:35Z</time>
      </trkpt>
      <trkpt lat="47.22413312241183" lon="-113.5360690324467">
      <ele>1216.6662318566814</ele>
      <time>2026-06-14T22:56:42Z</time>
      </trkpt>
      <trkpt lat="47.22413312241183" lon="-113.5360690324467">
      <ele>1218.2515312703326</ele>
      <time>2026-06-14T22:56:50Z</time>
      </trkpt>
      <trkpt lat="47.22403666337738" lon="-113.5361150956323">
      <ele>1219.7362818811089</ele>
      <time>2026-06-14T22:57:01Z</time>
      </trkpt>
      <trkpt lat="47.22403666337738" lon="-113.5361150956323">
      <ele>1220.8526382585987</ele>
      <time>2026-06-14T22:57:05Z</time>
      </trkpt>
      <trkpt lat="47.22403666337738" lon="-113.5361150956323">
      <ele>1218.7353673512116</ele>
      <time>2026-06-14T22:57:20Z</time>
      </trkpt>
      <trkpt lat="47.22403666337738" lon="-113.5361150956323">
      <ele>1218.7353673512116</ele>
      <time>2026-06-14T22:57:35Z</time>
      </trkpt>
      <trkpt lat="47.22395949933848" lon="-113.53638782030546">
      <ele>1217.8844255376607</ele>
      <time>2026-06-14T22:57:37Z</time>
      </trkpt>
      <trkpt lat="47.22395949933848" lon="-113.53638782030546">
      <ele>1219.3105594683439</ele>
      <time>2026-06-14T22:57:50Z</time>
      </trkpt>
      <trkpt lat="47.22395949933848" lon="-113.53638782030546">
      <ele>1219.3105594683439</ele>
      <time>2026-06-14T22:58:05Z</time>
      </trkpt>
      <trkpt lat="47.22395949933848" lon="-113.53638782030546">
      <ele>1219.3105594683439</ele>
      <time>2026-06-14T22:58:20Z</time>
      </trkpt>
      <trkpt lat="47.224065304865704" lon="-113.53685505261828">
      <ele>1218.992078801617</ele>
      <time>2026-06-14T22:58:35Z</time>
      </trkpt>
      <trkpt lat="47.224065304865704" lon="-113.53685505261828">
      <ele>1218.992078801617</ele>
      <time>2026-06-14T22:58:35Z</time>
      </trkpt>
      <trkpt lat="47.224065304865704" lon="-113.53685505261828">
      <ele>1218.2657193392515</ele>
      <time>2026-06-14T22:58:50Z</time>
      </trkpt>
      <trkpt lat="47.22414321526345" lon="-113.5369577789713">
      <ele>1215.9685875726864</ele>
      <time>2026-06-14T22:58:51Z</time>
      </trkpt>
      <trkpt lat="47.22414321526345" lon="-113.5369577789713">
      <ele>1216.1232186937705</ele>
      <time>2026-06-14T22:59:05Z</time>
      </trkpt>
      <trkpt lat="47.2242037998149" lon="-113.537135669657">
      <ele>1219.5333171468228</ele>
      <time>2026-06-14T22:59:19Z</time>
      </trkpt>
      <trkpt lat="47.2242037998149" lon="-113.537135669657">
      <ele>1219.4090462420136</ele>
      <time>2026-06-14T22:59:20Z</time>
      </trkpt>
      <trkpt lat="47.2242037998149" lon="-113.537135669657">
      <ele>1219.4090462420136</ele>
      <time>2026-06-14T22:59:35Z</time>
      </trkpt>
      <trkpt lat="47.2242037998149" lon="-113.537135669657">
      <ele>1219.4090462420136</ele>
      <time>2026-06-14T22:59:50Z</time>
      </trkpt>
      <trkpt lat="47.2242037998149" lon="-113.537135669657">
      <ele>1219.4090462420136</ele>
      <time>2026-06-14T23:00:05Z</time>
      </trkpt>
      <trkpt lat="47.2242037998149" lon="-113.537135669657">
      <ele>1219.4090462420136</ele>
      <time>2026-06-14T23:00:20Z</time>
      </trkpt>
      <trkpt lat="47.22423347848926" lon="-113.53753346267872">
      <ele>1223.4314250778407</ele>
      <time>2026-06-14T23:00:26Z</time>
      </trkpt>
      <trkpt lat="47.22423347848926" lon="-113.53753346267872">
      <ele>1221.4439808307216</ele>
      <time>2026-06-14T23:00:35Z</time>
      </trkpt>
      <trkpt lat="47.22423347848926" lon="-113.53753346267872">
      <ele>1221.4439808307216</ele>
      <time>2026-06-14T23:00:50Z</time>
      </trkpt>
      <trkpt lat="47.22423347848926" lon="-113.53753346267872">
      <ele>1221.4439808307216</ele>
      <time>2026-06-14T23:01:05Z</time>
      </trkpt>
      <trkpt lat="47.22423347848926" lon="-113.53753346267872">
      <ele>1221.4439808307216</ele>
      <time>2026-06-14T23:01:20Z</time>
      </trkpt>
      <trkpt lat="47.22408389491295" lon="-113.53749096993259">
      <ele>1218.576674932614</ele>
      <time>2026-06-14T23:01:21Z</time>
      </trkpt>
      <trkpt lat="47.22408389491295" lon="-113.53749096993259">
      <ele>1218.576674932614</ele>
      <time>2026-06-14T23:01:35Z</time>
      </trkpt>
      <trkpt lat="47.22408389491295" lon="-113.53749096993259">
      <ele>1218.576674932614</ele>
      <time>2026-06-14T23:01:50Z</time>
      </trkpt>
      <trkpt lat="47.22395700477455" lon="-113.5374364827461">
      <ele>1216.7987393904477</ele>
      <time>2026-06-14T23:02:03Z</time>
      </trkpt>
      <trkpt lat="47.22395700477455" lon="-113.5374364827461">
      <ele>1216.7987393904477</ele>
      <time>2026-06-14T23:02:05Z</time>
      </trkpt>
      <trkpt lat="47.22385614938545" lon="-113.53747977625359">
      <ele>1212.6533562792465</ele>
      <time>2026-06-14T23:02:20Z</time>
      </trkpt>
      <trkpt lat="47.22385614938545" lon="-113.53747977625359">
      <ele>1212.6533562792465</ele>
      <time>2026-06-14T23:02:20Z</time>
      </trkpt>
      <trkpt lat="47.22376007399544" lon="-113.53750210128975">
      <ele>1220.1212111869827</ele>
      <time>2026-06-14T23:02:32Z</time>
      </trkpt>
      <trkpt lat="47.22376007399544" lon="-113.53750210128975">
      <ele>1218.5383730223402</ele>
      <time>2026-06-14T23:02:35Z</time>
      </trkpt>
      <trkpt lat="47.22366406171745" lon="-113.5374638890767">
      <ele>1219.128704293631</ele>
      <time>2026-06-14T23:02:47Z</time>
      </trkpt>
      <trkpt lat="47.22366406171745" lon="-113.5374638890767">
      <ele>1218.7281418088824</ele>
      <time>2026-06-14T23:02:50Z</time>
      </trkpt>
      <trkpt lat="47.22366406171745" lon="-113.5374638890767">
      <ele>1215.8990968111902</ele>
      <time>2026-06-14T23:03:05Z</time>
      </trkpt>
      <trkpt lat="47.22366406171745" lon="-113.5374638890767">
      <ele>1215.8990968111902</ele>
      <time>2026-06-14T23:03:20Z</time>
      </trkpt>
      <trkpt lat="47.22355587601608" lon="-113.53721411506605">
      <ele>1216.4881017161533</ele>
      <time>2026-06-14T23:03:28Z</time>
      </trkpt>
      <trkpt lat="47.22355587601608" lon="-113.53721411506605">
      <ele>1217.0108516188338</ele>
      <time>2026-06-14T23:03:35Z</time>
      </trkpt>
      <trkpt lat="47.22348998301496" lon="-113.53712426243956">
      <ele>1218.0627573803067</ele>
      <time>2026-06-14T23:03:41Z</time>
      </trkpt>
      <trkpt lat="47.22348998301496" lon="-113.53712426243956">
      <ele>1214.8349189450964</ele>
      <time>2026-06-14T23:03:50Z</time>
      </trkpt>
      <trkpt lat="47.22348998301496" lon="-113.53712426243956">
      <ele>1210.8381422767416</ele>
      <time>2026-06-14T23:04:05Z</time>
      </trkpt>
      <trkpt lat="47.22332312061948" lon="-113.5369053733237">
      <ele>1216.042612478137</ele>
      <time>2026-06-14T23:04:14Z</time>
      </trkpt>
      <trkpt lat="47.22332312061948" lon="-113.5369053733237">
      <ele>1212.110374015756</ele>
      <time>2026-06-14T23:04:20Z</time>
      </trkpt>
      <trkpt lat="47.22325844707" lon="-113.53679600031437">
      <ele>1217.4157650005072</ele>
      <time>2026-06-14T23:04:27Z</time>
      </trkpt>
      <trkpt lat="47.22325844707" lon="-113.53679600031437">
      <ele>1216.6681976485997</ele>
      <time>2026-06-14T23:04:35Z</time>
      </trkpt>
      <trkpt lat="47.223200218275444" lon="-113.53668848794157">
      <ele>1218.6853576619178</ele>
      <time>2026-06-14T23:04:40Z</time>
      </trkpt>
      <trkpt lat="47.223200218275444" lon="-113.53668848794157">
      <ele>1221.9093226836994</ele>
      <time>2026-06-14T23:04:50Z</time>
      </trkpt>
      <trkpt lat="47.223107026831954" lon="-113.53659571220271">
      <ele>1217.2179900128394</ele>
      <time>2026-06-14T23:05:04Z</time>
      </trkpt>
      <trkpt lat="47.223107026831954" lon="-113.53659571220271">
      <ele>1215.975587433204</ele>
      <time>2026-06-14T23:05:05Z</time>
      </trkpt>
      <trkpt lat="47.223014747141455" lon="-113.53661005843932">
      <ele>1216.4629432614893</ele>
      <time>2026-06-14T23:05:16Z</time>
      </trkpt>
      <trkpt lat="47.223014747141455" lon="-113.53661005843932">
      <ele>1216.3991808248684</ele>
      <time>2026-06-14T23:05:20Z</time>
      </trkpt>
      <trkpt lat="47.223014747141455" lon="-113.53661005843932">
      <ele>1216.3991808248684</ele>
      <time>2026-06-14T23:05:35Z</time>
      </trkpt>
      <trkpt lat="47.22291837460597" lon="-113.53658283241617">
      <ele>1218.1449276627973</ele>
      <time>2026-06-14T23:05:43Z</time>
      </trkpt>
      <trkpt lat="47.22291837460597" lon="-113.53658283241617">
      <ele>1217.2371197575703</ele>
      <time>2026-06-14T23:05:50Z</time>
      </trkpt>
      <trkpt lat="47.22291837460597" lon="-113.53658283241617">
      <ele>1217.2371197575703</ele>
      <time>2026-06-14T23:06:05Z</time>
      </trkpt>
      <trkpt lat="47.22291837460597" lon="-113.53658283241617">
      <ele>1217.2371197575703</ele>
      <time>2026-06-14T23:06:20Z</time>
      </trkpt>
      <trkpt lat="47.22291837460597" lon="-113.53658283241617">
      <ele>1217.2371197575703</ele>
      <time>2026-06-14T23:06:35Z</time>
      </trkpt>
      <trkpt lat="47.222763391753425" lon="-113.53654271808476">
      <ele>1217.2597114024684</ele>
      <time>2026-06-14T23:06:49Z</time>
      </trkpt>
      <trkpt lat="47.222763391753425" lon="-113.53654271808476">
      <ele>1217.953981003724</ele>
      <time>2026-06-14T23:06:50Z</time>
      </trkpt>
      <trkpt lat="47.222763391753425" lon="-113.53654271808476">
      <ele>1224.6104230731726</ele>
      <time>2026-06-14T23:07:05Z</time>
      </trkpt>
      <trkpt lat="47.22267122906419" lon="-113.53659963187131">
      <ele>1217.509578150697</ele>
      <time>2026-06-14T23:07:10Z</time>
      </trkpt>
      <trkpt lat="47.22267122906419" lon="-113.53659963187131">
      <ele>1218.293652168475</ele>
      <time>2026-06-14T23:07:20Z</time>
      </trkpt>
      <trkpt lat="47.22262069489956" lon="-113.53671141744138">
      <ele>1214.8266912791878</ele>
      <time>2026-06-14T23:07:23Z</time>
      </trkpt>
      <trkpt lat="47.22262069489956" lon="-113.53671141744138">
      <ele>1219.682502221316</ele>
      <time>2026-06-14T23:07:35Z</time>
      </trkpt>
      <trkpt lat="47.22262069489956" lon="-113.53671141744138">
      <ele>1219.682502221316</ele>
      <time>2026-06-14T23:07:50Z</time>
      </trkpt>
      <trkpt lat="47.22262069489956" lon="-113.53671141744138">
      <ele>1219.682502221316</ele>
      <time>2026-06-14T23:08:05Z</time>
      </trkpt>
      <trkpt lat="47.22262069489956" lon="-113.53671141744138">
      <ele>1217.952918432653</ele>
      <time>2026-06-14T23:08:20Z</time>
      </trkpt>
      <trkpt lat="47.22262069489956" lon="-113.53671141744138">
      <ele>1217.952918432653</ele>
      <time>2026-06-14T23:08:35Z</time>
      </trkpt>
      <trkpt lat="47.222583517346926" lon="-113.53702288285955">
      <ele>1217.752512265928</ele>
      <time>2026-06-14T23:08:44Z</time>
      </trkpt>
      <trkpt lat="47.222583517346926" lon="-113.53702288285955">
      <ele>1217.752512265928</ele>
      <time>2026-06-14T23:08:50Z</time>
      </trkpt>
      <trkpt lat="47.2226027893002" lon="-113.53718109825758">
      <ele>1218.417293695733</ele>
      <time>2026-06-14T23:09:02Z</time>
      </trkpt>
      <trkpt lat="47.2226027893002" lon="-113.53718109825758">
      <ele>1217.922350132838</ele>
      <time>2026-06-14T23:09:05Z</time>
      </trkpt>
      <trkpt lat="47.22263985234623" lon="-113.53730219455828">
      <ele>1220.560674467124</ele>
      <time>2026-06-14T23:09:16Z</time>
      </trkpt>
      <trkpt lat="47.22263985234623" lon="-113.53730219455828">
      <ele>1220.6764193288982</ele>
      <time>2026-06-14T23:09:20Z</time>
      </trkpt>
      <trkpt lat="47.22263985234623" lon="-113.53730219455828">
      <ele>1220.3706992007792</ele>
      <time>2026-06-14T23:09:35Z</time>
      </trkpt>
      <trkpt lat="47.222641833294766" lon="-113.53749968656376">
      <ele>1221.2316203657538</ele>
      <time>2026-06-14T23:09:38Z</time>
      </trkpt>
      <trkpt lat="47.222641833294766" lon="-113.53749968656376">
      <ele>1221.225414630957</ele>
      <time>2026-06-14T23:09:50Z</time>
      </trkpt>
      <trkpt lat="47.222641833294766" lon="-113.53749968656376">
      <ele>1217.9507228536531</ele>
      <time>2026-06-14T23:10:05Z</time>
      </trkpt>
      <trkpt lat="47.222641833294766" lon="-113.53749968656376">
      <ele>1217.9507228536531</ele>
      <time>2026-06-14T23:10:20Z</time>
      </trkpt>
      <trkpt lat="47.222543519261194" lon="-113.53756659920033">
      <ele>1215.5047913221642</ele>
      <time>2026-06-14T23:10:28Z</time>
      </trkpt>
      <trkpt lat="47.222543519261194" lon="-113.53756659920033">
      <ele>1215.2882260084152</ele>
      <time>2026-06-14T23:10:35Z</time>
      </trkpt>
      <trkpt lat="47.222543519261194" lon="-113.53756659920033">
      <ele>1215.2882260084152</ele>
      <time>2026-06-14T23:10:50Z</time>
      </trkpt>
      <trkpt lat="47.222543519261194" lon="-113.53756659920033">
      <ele>1218.576167169027</ele>
      <time>2026-06-14T23:11:05Z</time>
      </trkpt>
      <trkpt lat="47.222543519261194" lon="-113.53756659920033">
      <ele>1218.576167169027</ele>
      <time>2026-06-14T23:11:20Z</time>
      </trkpt>
      <trkpt lat="47.222422152231495" lon="-113.53762430841732">
      <ele>1218.337458469905</ele>
      <time>2026-06-14T23:11:23Z</time>
      </trkpt>
      <trkpt lat="47.222422152231495" lon="-113.53762430841732">
      <ele>1222.5291277989745</ele>
      <time>2026-06-14T23:11:35Z</time>
      </trkpt>
      <trkpt lat="47.222422152231495" lon="-113.53762430841732">
      <ele>1217.4823571238667</ele>
      <time>2026-06-14T23:11:50Z</time>
      </trkpt>
      <trkpt lat="47.222422152231495" lon="-113.53762430841732">
      <ele>1217.2925366060808</ele>
      <time>2026-06-14T23:12:05Z</time>
      </trkpt>
      <trkpt lat="47.222422152231495" lon="-113.53762430841732">
      <ele>1216.8811348341405</ele>
      <time>2026-06-14T23:12:20Z</time>
      </trkpt>
      <trkpt lat="47.222422152231495" lon="-113.53762430841732">
      <ele>1216.5271765915677</ele>
      <time>2026-06-14T23:12:35Z</time>
      </trkpt>
      <trkpt lat="47.222422152231495" lon="-113.53762430841732">
      <ele>1215.944058958441</ele>
      <time>2026-06-14T23:12:50Z</time>
      </trkpt>
      <trkpt lat="47.222422152231495" lon="-113.53762430841732">
      <ele>1217.523659657687</ele>
      <time>2026-06-14T23:13:05Z</time>
      </trkpt>
      <trkpt lat="47.222422152231495" lon="-113.53762430841732">
      <ele>1218.7379796421155</ele>
      <time>2026-06-14T23:13:20Z</time>
      </trkpt>
      <trkpt lat="47.222422152231495" lon="-113.53762430841732">
      <ele>1217.9680801201612</ele>
      <time>2026-06-14T23:13:35Z</time>
      </trkpt>
      <trkpt lat="47.222422152231495" lon="-113.53762430841732">
      <ele>1217.9680801201612</ele>
      <time>2026-06-14T23:13:50Z</time>
      </trkpt>
      <trkpt lat="47.222422152231495" lon="-113.53762430841732">
      <ele>1218.112565197982</ele>
      <time>2026-06-14T23:14:05Z</time>
      </trkpt>
      <trkpt lat="47.222422152231495" lon="-113.53762430841732">
      <ele>1218.7064170464873</ele>
      <time>2026-06-14T23:14:20Z</time>
      </trkpt>
      <trkpt lat="47.222422152231495" lon="-113.53762430841732">
      <ele>1218.3435256071389</ele>
      <time>2026-06-14T23:14:35Z</time>
      </trkpt>
      <trkpt lat="47.222422152231495" lon="-113.53762430841732">
      <ele>1217.4037246070802</ele>
      <time>2026-06-14T23:14:50Z</time>
      </trkpt>
      <trkpt lat="47.222422152231495" lon="-113.53762430841732">
      <ele>1217.4037246070802</ele>
      <time>2026-06-14T23:15:05Z</time>
      </trkpt>
      <trkpt lat="47.222422152231495" lon="-113.53762430841732">
      <ele>1217.4037246070802</ele>
      <time>2026-06-14T23:15:20Z</time>
      </trkpt>
      <trkpt lat="47.222422152231495" lon="-113.53762430841732">
      <ele>1217.4037246070802</ele>
      <time>2026-06-14T23:15:35Z</time>
      </trkpt>
      <trkpt lat="47.222422152231495" lon="-113.53762430841732">
      <ele>1217.4037246070802</ele>
      <time>2026-06-14T23:15:50Z</time>
      </trkpt>
      <trkpt lat="47.222422152231495" lon="-113.53762430841732">
      <ele>1217.4037246070802</ele>
      <time>2026-06-14T23:16:05Z</time>
      </trkpt>
      <trkpt lat="47.222422152231495" lon="-113.53762430841732">
      <ele>1217.4037246070802</ele>
      <time>2026-06-14T23:16:20Z</time>
      </trkpt>
      <trkpt lat="47.222422152231495" lon="-113.53762430841732">
      <ele>1217.4037246070802</ele>
      <time>2026-06-14T23:16:35Z</time>
      </trkpt>
      <trkpt lat="47.222422152231495" lon="-113.53762430841732">
      <ele>1217.4037246070802</ele>
      <time>2026-06-14T23:16:50Z</time>
      </trkpt>
      <trkpt lat="47.222422152231495" lon="-113.53762430841732">
      <ele>1217.4037246070802</ele>
      <time>2026-06-14T23:17:05Z</time>
      </trkpt>
      <trkpt lat="47.222422152231495" lon="-113.53762430841732">
      <ele>1217.4037246070802</ele>
      <time>2026-06-14T23:17:20Z</time>
      </trkpt>
      <trkpt lat="47.222422152231495" lon="-113.53762430841732">
      <ele>1217.4037246070802</ele>
      <time>2026-06-14T23:17:35Z</time>
      </trkpt>
      <trkpt lat="47.222422152231495" lon="-113.53762430841732">
      <ele>1217.4037246070802</ele>
      <time>2026-06-14T23:17:50Z</time>
      </trkpt>
      <trkpt lat="47.222422152231495" lon="-113.53762430841732">
      <ele>1217.4037246070802</ele>
      <time>2026-06-14T23:18:05Z</time>
      </trkpt>
      <trkpt lat="47.222422152231495" lon="-113.53762430841732">
      <ele>1217.4037246070802</ele>
      <time>2026-06-14T23:18:20Z</time>
      </trkpt>
      <trkpt lat="47.222422152231495" lon="-113.53762430841732">
      <ele>1217.4037246070802</ele>
      <time>2026-06-14T23:18:35Z</time>
      </trkpt>
      <trkpt lat="47.222422152231495" lon="-113.53762430841732">
      <ele>1217.4037246070802</ele>
      <time>2026-06-14T23:18:50Z</time>
      </trkpt>
      <trkpt lat="47.222422152231495" lon="-113.53762430841732">
      <ele>1217.4037246070802</ele>
      <time>2026-06-14T23:19:05Z</time>
      </trkpt>
      <trkpt lat="47.222422152231495" lon="-113.53762430841732">
      <ele>1217.8781713414937</ele>
      <time>2026-06-14T23:19:20Z</time>
      </trkpt>
      <trkpt lat="47.222422152231495" lon="-113.53762430841732">
      <ele>1217.8781713414937</ele>
      <time>2026-06-14T23:19:35Z</time>
      </trkpt>
      <trkpt lat="47.222422152231495" lon="-113.53762430841732">
      <ele>1217.8781713414937</ele>
      <time>2026-06-14T23:19:50Z</time>
      </trkpt>
      <trkpt lat="47.222422152231495" lon="-113.53762430841732">
      <ele>1217.8781713414937</ele>
      <time>2026-06-14T23:20:05Z</time>
      </trkpt>
      <trkpt lat="47.222422152231495" lon="-113.53762430841732">
      <ele>1217.8781713414937</ele>
      <time>2026-06-14T23:20:20Z</time>
      </trkpt>
      <trkpt lat="47.222422152231495" lon="-113.53762430841732">
      <ele>1217.8781713414937</ele>
      <time>2026-06-14T23:20:35Z</time>
      </trkpt>
      <trkpt lat="47.222422152231495" lon="-113.53762430841732">
      <ele>1218.0502636330202</ele>
      <time>2026-06-14T23:20:50Z</time>
      </trkpt>
      <trkpt lat="47.222422152231495" lon="-113.53762430841732">
      <ele>1218.3373527759686</ele>
      <time>2026-06-14T23:21:05Z</time>
      </trkpt>
      <trkpt lat="47.222422152231495" lon="-113.53762430841732">
      <ele>1218.0326115535572</ele>
      <time>2026-06-14T23:21:20Z</time>
      </trkpt>
      <trkpt lat="47.222422152231495" lon="-113.53762430841732">
      <ele>1216.7887945724651</ele>
      <time>2026-06-14T23:21:35Z</time>
      </trkpt>
      <trkpt lat="47.222422152231495" lon="-113.53762430841732">
      <ele>1216.7887945724651</ele>
      <time>2026-06-14T23:21:50Z</time>
      </trkpt>
      <trkpt lat="47.222422152231495" lon="-113.53762430841732">
      <ele>1216.7887945724651</ele>
      <time>2026-06-14T23:22:05Z</time>
      </trkpt>
      <trkpt lat="47.22226871315125" lon="-113.53757677992358">
      <ele>1218.0892983209342</ele>
      <time>2026-06-14T23:22:16Z</time>
      </trkpt>
      <trkpt lat="47.22226871315125" lon="-113.53757677992358">
      <ele>1218.3448553839698</ele>
      <time>2026-06-14T23:22:20Z</time>
      </trkpt>
      <trkpt lat="47.22226871315125" lon="-113.53757677992358">
      <ele>1218.3448553839698</ele>
      <time>2026-06-14T23:22:35Z</time>
      </trkpt>
      <trkpt lat="47.22226871315125" lon="-113.53757677992358">
      <ele>1218.3448553839698</ele>
      <time>2026-06-14T23:22:50Z</time>
      </trkpt>
      <trkpt lat="47.22226871315125" lon="-113.53757677992358">
      <ele>1218.3448553839698</ele>
      <time>2026-06-14T23:23:05Z</time>
      </trkpt>
      <trkpt lat="47.22226871315125" lon="-113.53757677992358">
      <ele>1218.3448553839698</ele>
      <time>2026-06-14T23:23:20Z</time>
      </trkpt>
      <trkpt lat="47.22226871315125" lon="-113.53757677992358">
      <ele>1218.3448553839698</ele>
      <time>2026-06-14T23:23:35Z</time>
      </trkpt>
      <trkpt lat="47.22226871315125" lon="-113.53757677992358">
      <ele>1218.3448553839698</ele>
      <time>2026-06-14T23:23:50Z</time>
      </trkpt>
      <trkpt lat="47.22226871315125" lon="-113.53757677992358">
      <ele>1218.3448553839698</ele>
      <time>2026-06-14T23:24:05Z</time>
      </trkpt>
      <trkpt lat="47.22226871315125" lon="-113.53757677992358">
      <ele>1218.3448553839698</ele>
      <time>2026-06-14T23:24:20Z</time>
      </trkpt>
      <trkpt lat="47.22211033043004" lon="-113.53717304936286">
      <ele>1218.406340694055</ele>
      <time>2026-06-14T23:24:25Z</time>
      </trkpt>
      <trkpt lat="47.22211033043004" lon="-113.53717304936286">
      <ele>1217.9488081643358</ele>
      <time>2026-06-14T23:24:35Z</time>
      </trkpt>
      <trkpt lat="47.22215450120492" lon="-113.5370436356148">
      <ele>1220.9113548025489</ele>
      <time>2026-06-14T23:24:47Z</time>
      </trkpt>
      <trkpt lat="47.22215450120492" lon="-113.5370436356148">
      <ele>1220.8655042992905</ele>
      <time>2026-06-14T23:24:50Z</time>
      </trkpt>
      <trkpt lat="47.22215450120492" lon="-113.5370436356148">
      <ele>1219.1626797197387</ele>
      <time>2026-06-14T23:25:05Z</time>
      </trkpt>
      <trkpt lat="47.22215450120492" lon="-113.5370436356148">
      <ele>1219.5491104172543</ele>
      <time>2026-06-14T23:25:20Z</time>
      </trkpt>
      <trkpt lat="47.222134264354196" lon="-113.5369122325556">
      <ele>1218.6535833599046</ele>
      <time>2026-06-14T23:25:26Z</time>
      </trkpt>
      <trkpt lat="47.222134264354196" lon="-113.5369122325556">
      <ele>1218.3757571121678</ele>
      <time>2026-06-14T23:25:35Z</time>
      </trkpt>
      <trkpt lat="47.222134264354196" lon="-113.5369122325556">
      <ele>1216.66097509861</ele>
      <time>2026-06-14T23:25:50Z</time>
      </trkpt>
      <trkpt lat="47.222134264354196" lon="-113.5369122325556">
      <ele>1216.741599068977</ele>
      <time>2026-06-14T23:26:05Z</time>
      </trkpt>
      <trkpt lat="47.222134264354196" lon="-113.5369122325556">
      <ele>1216.741599068977</ele>
      <time>2026-06-14T23:26:20Z</time>
      </trkpt>
      <trkpt lat="47.222134264354196" lon="-113.5369122325556">
      <ele>1216.741599068977</ele>
      <time>2026-06-14T23:26:35Z</time>
      </trkpt>
      <trkpt lat="47.222243618350305" lon="-113.53664079579711">
      <ele>1216.3267732523382</ele>
      <time>2026-06-14T23:26:40Z</time>
      </trkpt>
      <trkpt lat="47.222243618350305" lon="-113.53664079579711">
      <ele>1217.0816633636132</ele>
      <time>2026-06-14T23:26:50Z</time>
      </trkpt>
      <trkpt lat="47.222243618350305" lon="-113.53664079579711">
      <ele>1217.0816633636132</ele>
      <time>2026-06-14T23:27:05Z</time>
      </trkpt>
      <trkpt lat="47.22228916806391" lon="-113.5364998228872">
      <ele>1216.620437442325</ele>
      <time>2026-06-14T23:27:19Z</time>
      </trkpt>
      <trkpt lat="47.22228916806391" lon="-113.5364998228872">
      <ele>1216.655432692729</ele>
      <time>2026-06-14T23:27:20Z</time>
      </trkpt>
      <trkpt lat="47.22234927789293" lon="-113.53640018506083">
      <ele>1217.498486767523</ele>
      <time>2026-06-14T23:27:28Z</time>
      </trkpt>
      <trkpt lat="47.22234927789293" lon="-113.53640018506083">
      <ele>1217.3180503780022</ele>
      <time>2026-06-14T23:27:35Z</time>
      </trkpt>
      <trkpt lat="47.222389121037665" lon="-113.53627151073036">
      <ele>1219.1593342758715</ele>
      <time>2026-06-14T23:27:44Z</time>
      </trkpt>
      <trkpt lat="47.222389121037665" lon="-113.53627151073036">
      <ele>1219.7773409681395</ele>
      <time>2026-06-14T23:27:50Z</time>
      </trkpt>
      <trkpt lat="47.222389121037665" lon="-113.53627151073036">
      <ele>1219.7773409681395</ele>
      <time>2026-06-14T23:28:05Z</time>
      </trkpt>
      <trkpt lat="47.22243198426527" lon="-113.53611900416415">
      <ele>1218.5689527634531</ele>
      <time>2026-06-14T23:28:06Z</time>
      </trkpt>
      <trkpt lat="47.22243198426527" lon="-113.53611900416415">
      <ele>1218.5689527634531</ele>
      <time>2026-06-14T23:28:20Z</time>
      </trkpt>
      <trkpt lat="47.22247571425342" lon="-113.53597786321467">
      <ele>1220.3051122054458</ele>
      <time>2026-06-14T23:28:31Z</time>
      </trkpt>
      <trkpt lat="47.22247571425342" lon="-113.53597786321467">
      <ele>1219.6931299716234</ele>
      <time>2026-06-14T23:28:35Z</time>
      </trkpt>
      <trkpt lat="47.22247571425342" lon="-113.53597786321467">
      <ele>1216.9407731844112</ele>
      <time>2026-06-14T23:28:50Z</time>
      </trkpt>
      <trkpt lat="47.22247571425342" lon="-113.53597786321467">
      <ele>1218.550231977366</ele>
      <time>2026-06-14T23:29:05Z</time>
      </trkpt>
      <trkpt lat="47.22247571425342" lon="-113.53597786321467">
      <ele>1218.550231977366</ele>
      <time>2026-06-14T23:29:20Z</time>
      </trkpt>
      <trkpt lat="47.22247571425342" lon="-113.53597786321467">
      <ele>1218.550231977366</ele>
      <time>2026-06-14T23:29:35Z</time>
      </trkpt>
      <trkpt lat="47.22247571425342" lon="-113.53597786321467">
      <ele>1218.550231977366</ele>
      <time>2026-06-14T23:29:50Z</time>
      </trkpt>
      <trkpt lat="47.222561905036585" lon="-113.53584853649465">
      <ele>1217.430786772631</ele>
      <time>2026-06-14T23:30:00Z</time>
      </trkpt>
      <trkpt lat="47.222561905036585" lon="-113.53584853649465">
      <ele>1217.515080534853</ele>
      <time>2026-06-14T23:30:05Z</time>
      </trkpt>
      <trkpt lat="47.222561905036585" lon="-113.53584853649465">
      <ele>1217.515080534853</ele>
      <time>2026-06-14T23:30:20Z</time>
      </trkpt>
      <trkpt lat="47.222603873786916" lon="-113.53572355333644">
      <ele>1216.85823523812</ele>
      <time>2026-06-14T23:30:26Z</time>
      </trkpt>
      <trkpt lat="47.222603873786916" lon="-113.53572355333644">
      <ele>1219.3937574336305</ele>
      <time>2026-06-14T23:30:35Z</time>
      </trkpt>
      <trkpt lat="47.222603873786916" lon="-113.53572355333644">
      <ele>1219.3937574336305</ele>
      <time>2026-06-14T23:30:50Z</time>
      </trkpt>
      <trkpt lat="47.222603873786916" lon="-113.53572355333644">
      <ele>1219.3937574336305</ele>
      <time>2026-06-14T23:31:05Z</time>
      </trkpt>
      <trkpt lat="47.222603873786916" lon="-113.53572355333644">
      <ele>1219.3937574336305</ele>
      <time>2026-06-14T23:31:20Z</time>
      </trkpt>
      <trkpt lat="47.222603873786916" lon="-113.53572355333644">
      <ele>1219.3937574336305</ele>
      <time>2026-06-14T23:31:35Z</time>
      </trkpt>
      <trkpt lat="47.222603873786916" lon="-113.53572355333644">
      <ele>1219.3937574336305</ele>
      <time>2026-06-14T23:31:50Z</time>
      </trkpt>
      <trkpt lat="47.222603873786916" lon="-113.53572355333644">
      <ele>1219.3937574336305</ele>
      <time>2026-06-14T23:32:05Z</time>
      </trkpt>
      <trkpt lat="47.222603873786916" lon="-113.53572355333644">
      <ele>1219.3937574336305</ele>
      <time>2026-06-14T23:32:20Z</time>
      </trkpt>
      <trkpt lat="47.222603873786916" lon="-113.53572355333644">
      <ele>1219.3937574336305</ele>
      <time>2026-06-14T23:32:35Z</time>
      </trkpt>
      <trkpt lat="47.222911243309866" lon="-113.53535669469935">
      <ele>1217.8567869011313</ele>
      <time>2026-06-14T23:32:44Z</time>
      </trkpt>
      <trkpt lat="47.222911243309866" lon="-113.53535669469935">
      <ele>1217.8567869011313</ele>
      <time>2026-06-14T23:32:50Z</time>
      </trkpt>
      <trkpt lat="47.222911243309866" lon="-113.53535669469935">
      <ele>1217.8567869011313</ele>
      <time>2026-06-14T23:33:05Z</time>
      </trkpt>
      <trkpt lat="47.222911243309866" lon="-113.53535669469935">
      <ele>1217.8567869011313</ele>
      <time>2026-06-14T23:33:20Z</time>
      </trkpt>
      <trkpt lat="47.222911243309866" lon="-113.53535669469935">
      <ele>1217.8567869011313</ele>
      <time>2026-06-14T23:33:35Z</time>
      </trkpt>
      <trkpt lat="47.222911243309866" lon="-113.53535669469935">
      <ele>1217.8567869011313</ele>
      <time>2026-06-14T23:33:50Z</time>
      </trkpt>
      <trkpt lat="47.222911243309866" lon="-113.53535669469935">
      <ele>1217.8567869011313</ele>
      <time>2026-06-14T23:34:05Z</time>
      </trkpt>
      <trkpt lat="47.222911243309866" lon="-113.53535669469935">
      <ele>1217.8567869011313</ele>
      <time>2026-06-14T23:34:20Z</time>
      </trkpt>
      <trkpt lat="47.222911243309866" lon="-113.53535669469935">
      <ele>1216.972700833343</ele>
      <time>2026-06-14T23:34:35Z</time>
      </trkpt>
      <trkpt lat="47.222911243309866" lon="-113.53535669469935">
      <ele>1216.972700833343</ele>
      <time>2026-06-14T23:34:50Z</time>
      </trkpt>
      <trkpt lat="47.222911243309866" lon="-113.53535669469935">
      <ele>1216.972700833343</ele>
      <time>2026-06-14T23:35:05Z</time>
      </trkpt>
      <trkpt lat="47.222911243309866" lon="-113.53535669469935">
      <ele>1216.972700833343</ele>
      <time>2026-06-14T23:35:20Z</time>
      </trkpt>
      <trkpt lat="47.222911243309866" lon="-113.53535669469935">
      <ele>1216.972700833343</ele>
      <time>2026-06-14T23:35:35Z</time>
      </trkpt>
      <trkpt lat="47.222911243309866" lon="-113.53535669469935">
      <ele>1216.972700833343</ele>
      <time>2026-06-14T23:35:50Z</time>
      </trkpt>
      <trkpt lat="47.222911243309866" lon="-113.53535669469935">
      <ele>1216.972700833343</ele>
      <time>2026-06-14T23:36:05Z</time>
      </trkpt>
      <trkpt lat="47.222911243309866" lon="-113.53535669469935">
      <ele>1216.972700833343</ele>
      <time>2026-06-14T23:36:20Z</time>
      </trkpt>
      <trkpt lat="47.222911243309866" lon="-113.53535669469935">
      <ele>1216.972700833343</ele>
      <time>2026-06-14T23:36:35Z</time>
      </trkpt>
      <trkpt lat="47.222911243309866" lon="-113.53535669469935">
      <ele>1216.972700833343</ele>
      <time>2026-06-14T23:36:50Z</time>
      </trkpt>
      <trkpt lat="47.222911243309866" lon="-113.53535669469935">
      <ele>1216.972700833343</ele>
      <time>2026-06-14T23:37:05Z</time>
      </trkpt>
      <trkpt lat="47.222911243309866" lon="-113.53535669469935">
      <ele>1216.972700833343</ele>
      <time>2026-06-14T23:37:20Z</time>
      </trkpt>
      <trkpt lat="47.222911243309866" lon="-113.53535669469935">
      <ele>1218.2211843496189</ele>
      <time>2026-06-14T23:37:35Z</time>
      </trkpt>
      <trkpt lat="47.22286982075905" lon="-113.53520973807966">
      <ele>1217.8664520485327</ele>
      <time>2026-06-14T23:37:50Z</time>
      </trkpt>
      <trkpt lat="47.22286982075905" lon="-113.53520973807966">
      <ele>1217.8664520485327</ele>
      <time>2026-06-14T23:37:50Z</time>
      </trkpt>
      <trkpt lat="47.22286982075905" lon="-113.53520973807966">
      <ele>1217.8143549188972</ele>
      <time>2026-06-14T23:38:05Z</time>
      </trkpt>
      <trkpt lat="47.22291362738203" lon="-113.53509248580623">
      <ele>1217.83800085634</ele>
      <time>2026-06-14T23:38:06Z</time>
      </trkpt>
      <trkpt lat="47.22291362738203" lon="-113.53509248580623">
      <ele>1218.2352438587695</ele>
      <time>2026-06-14T23:38:20Z</time>
      </trkpt>
      <trkpt lat="47.22295758386935" lon="-113.53496463037474">
      <ele>1217.8120405618101</ele>
      <time>2026-06-14T23:38:21Z</time>
      </trkpt>
      <trkpt lat="47.22295758386935" lon="-113.53496463037474">
      <ele>1217.0104668876156</ele>
      <time>2026-06-14T23:38:35Z</time>
      </trkpt>
      <trkpt lat="47.22295758386935" lon="-113.53496463037474">
      <ele>1217.1502702869475</ele>
      <time>2026-06-14T23:38:50Z</time>
      </trkpt>
      <trkpt lat="47.22295758386935" lon="-113.53496463037474">
      <ele>1217.1502702869475</ele>
      <time>2026-06-14T23:39:05Z</time>
      </trkpt>
      <trkpt lat="47.223077729066574" lon="-113.53466058895658">
      <ele>1217.823676224798</ele>
      <time>2026-06-14T23:39:08Z</time>
      </trkpt>
      <trkpt lat="47.223077729066574" lon="-113.53466058895658">
      <ele>1217.4932521702722</ele>
      <time>2026-06-14T23:39:20Z</time>
      </trkpt>
      <trkpt lat="47.223077729066574" lon="-113.53466058895658">
      <ele>1217.4932521702722</ele>
      <time>2026-06-14T23:39:35Z</time>
      </trkpt>
      <trkpt lat="47.22306941095009" lon="-113.53450927527967">
      <ele>1218.5955995218828</ele>
      <time>2026-06-14T23:39:43Z</time>
      </trkpt>
      <trkpt lat="47.22306941095009" lon="-113.53450927527967">
      <ele>1218.6314374636859</ele>
      <time>2026-06-14T23:39:50Z</time>
      </trkpt>
      <trkpt lat="47.22306941095009" lon="-113.53450927527967">
      <ele>1218.6314374636859</ele>
      <time>2026-06-14T23:40:05Z</time>
      </trkpt>
      <trkpt lat="47.22306941095009" lon="-113.53450927527967">
      <ele>1218.6314374636859</ele>
      <time>2026-06-14T23:40:20Z</time>
      </trkpt>
      <trkpt lat="47.22306941095009" lon="-113.53450927527967">
      <ele>1218.6314374636859</ele>
      <time>2026-06-14T23:40:35Z</time>
      </trkpt>
      <trkpt lat="47.22294898390486" lon="-113.5344175610667">
      <ele>1217.5286004832014</ele>
      <time>2026-06-14T23:40:45Z</time>
      </trkpt>
      <trkpt lat="47.22294898390486" lon="-113.5344175610667">
      <ele>1217.5839910032228</ele>
      <time>2026-06-14T23:40:50Z</time>
      </trkpt>
      <trkpt lat="47.22294898390486" lon="-113.5344175610667">
      <ele>1217.2703372929245</ele>
      <time>2026-06-14T23:41:05Z</time>
      </trkpt>
      <trkpt lat="47.22294898390486" lon="-113.5344175610667">
      <ele>1217.151904674247</ele>
      <time>2026-06-14T23:41:20Z</time>
      </trkpt>
      <trkpt lat="47.22294898390486" lon="-113.5344175610667">
      <ele>1217.149058656767</ele>
      <time>2026-06-14T23:41:35Z</time>
      </trkpt>
      <trkpt lat="47.22294898390486" lon="-113.5344175610667">
      <ele>1217.7045008102432</ele>
      <time>2026-06-14T23:41:50Z</time>
      </trkpt>
      <trkpt lat="47.22294898390486" lon="-113.5344175610667">
      <ele>1216.7275060396641</ele>
      <time>2026-06-14T23:42:05Z</time>
      </trkpt>
      <trkpt lat="47.22294898390486" lon="-113.5344175610667">
      <ele>1216.8456257814541</ele>
      <time>2026-06-14T23:42:20Z</time>
      </trkpt>
      <trkpt lat="47.22294898390486" lon="-113.5344175610667">
      <ele>1216.8456257814541</ele>
      <time>2026-06-14T23:42:35Z</time>
      </trkpt>
      <trkpt lat="47.22294898390486" lon="-113.5344175610667">
      <ele>1218.563687922433</ele>
      <time>2026-06-14T23:42:50Z</time>
      </trkpt>
      <trkpt lat="47.222851927256585" lon="-113.53439957682137">
      <ele>1218.33769712504</ele>
      <time>2026-06-14T23:42:58Z</time>
      </trkpt>
      <trkpt lat="47.222851927256585" lon="-113.53439957682137">
      <ele>1218.390559294261</ele>
      <time>2026-06-14T23:43:05Z</time>
      </trkpt>
      <trkpt lat="47.222851927256585" lon="-113.53439957682137">
      <ele>1219.4040265120566</ele>
      <time>2026-06-14T23:43:20Z</time>
      </trkpt>
      <trkpt lat="47.222851927256585" lon="-113.53439957682137">
      <ele>1217.2032956024632</ele>
      <time>2026-06-14T23:43:35Z</time>
      </trkpt>
      <trkpt lat="47.222851927256585" lon="-113.53439957682137">
      <ele>1216.794221910648</ele>
      <time>2026-06-14T23:43:50Z</time>
      </trkpt>
      <trkpt lat="47.222851927256585" lon="-113.53439957682137">
      <ele>1217.8744746083394</ele>
      <time>2026-06-14T23:44:05Z</time>
      </trkpt>
      <trkpt lat="47.222851927256585" lon="-113.53439957682137">
      <ele>1218.6710325246677</ele>
      <time>2026-06-14T23:44:20Z</time>
      </trkpt>
      <trkpt lat="47.222851927256585" lon="-113.53439957682137">
      <ele>1218.0017649522051</ele>
      <time>2026-06-14T23:44:35Z</time>
      </trkpt>
      <trkpt lat="47.222851927256585" lon="-113.53439957682137">
      <ele>1216.9378268243745</ele>
      <time>2026-06-14T23:44:50Z</time>
      </trkpt>
      <trkpt lat="47.222851927256585" lon="-113.53439957682137">
      <ele>1215.8910363717005</ele>
      <time>2026-06-14T23:45:05Z</time>
      </trkpt>
      <trkpt lat="47.222851927256585" lon="-113.53439957682137">
      <ele>1218.2187677882612</ele>
      <time>2026-06-14T23:45:20Z</time>
      </trkpt>
      <trkpt lat="47.222851927256585" lon="-113.53439957682137">
      <ele>1216.6094647794962</ele>
      <time>2026-06-14T23:45:35Z</time>
      </trkpt>
      <trkpt lat="47.222851927256585" lon="-113.53439957682137">
      <ele>1216.6094647794962</ele>
      <time>2026-06-14T23:45:50Z</time>
      </trkpt>
      <trkpt lat="47.222851927256585" lon="-113.53439957682137">
      <ele>1216.6094647794962</ele>
      <time>2026-06-14T23:46:05Z</time>
      </trkpt>
      <trkpt lat="47.222851927256585" lon="-113.53439957682137">
      <ele>1216.6094647794962</ele>
      <time>2026-06-14T23:46:20Z</time>
      </trkpt>
      <trkpt lat="47.222851927256585" lon="-113.53439957682137">
      <ele>1218.2257925923914</ele>
      <time>2026-06-14T23:46:35Z</time>
      </trkpt>
      <trkpt lat="47.222851927256585" lon="-113.53439957682137">
      <ele>1218.5426089679822</ele>
      <time>2026-06-14T23:46:50Z</time>
      </trkpt>
      <trkpt lat="47.222851927256585" lon="-113.53439957682137">
      <ele>1218.5426089679822</ele>
      <time>2026-06-14T23:47:05Z</time>
      </trkpt>
      <trkpt lat="47.222851927256585" lon="-113.53439957682137">
      <ele>1216.7539078919217</ele>
      <time>2026-06-14T23:47:20Z</time>
      </trkpt>
      <trkpt lat="47.222851927256585" lon="-113.53439957682137">
      <ele>1217.1487266439945</ele>
      <time>2026-06-14T23:47:35Z</time>
      </trkpt>
      <trkpt lat="47.222851927256585" lon="-113.53439957682137">
      <ele>1215.0756799513474</ele>
      <time>2026-06-14T23:47:50Z</time>
      </trkpt>
      <trkpt lat="47.222851927256585" lon="-113.53439957682137">
      <ele>1216.9759754892439</ele>
      <time>2026-06-14T23:48:05Z</time>
      </trkpt>
      <trkpt lat="47.222851927256585" lon="-113.53439957682137">
      <ele>1216.3335676873103</ele>
      <time>2026-06-14T23:48:20Z</time>
      </trkpt>
      <trkpt lat="47.222851927256585" lon="-113.53439957682137">
      <ele>1216.3209892623127</ele>
      <time>2026-06-14T23:48:35Z</time>
      </trkpt>
      <trkpt lat="47.222851927256585" lon="-113.53439957682137">
      <ele>1216.7078286837786</ele>
      <time>2026-06-14T23:48:50Z</time>
      </trkpt>
      <trkpt lat="47.222851927256585" lon="-113.53439957682137">
      <ele>1216.1766494447365</ele>
      <time>2026-06-14T23:49:05Z</time>
      </trkpt>
      <trkpt lat="47.222851927256585" lon="-113.53439957682137">
      <ele>1217.6882108729333</ele>
      <time>2026-06-14T23:49:20Z</time>
      </trkpt>
      <trkpt lat="47.222851927256585" lon="-113.53439957682137">
      <ele>1218.5830086199567</ele>
      <time>2026-06-14T23:49:35Z</time>
      </trkpt>
      <trkpt lat="47.222851927256585" lon="-113.53439957682137">
      <ele>1217.3079955885187</ele>
      <time>2026-06-14T23:49:50Z</time>
      </trkpt>
      <trkpt lat="47.222851927256585" lon="-113.53439957682137">
      <ele>1216.7753127738833</ele>
      <time>2026-06-14T23:50:05Z</time>
      </trkpt>
      <trkpt lat="47.222851927256585" lon="-113.53439957682137">
      <ele>1216.9196349261329</ele>
      <time>2026-06-14T23:50:20Z</time>
      </trkpt>
      <trkpt lat="47.222851927256585" lon="-113.53439957682137">
      <ele>1216.6467808065936</ele>
      <time>2026-06-14T23:50:35Z</time>
      </trkpt>
      <trkpt lat="47.222851927256585" lon="-113.53439957682137">
      <ele>1216.9057109663263</ele>
      <time>2026-06-14T23:50:50Z</time>
      </trkpt>
      <trkpt lat="47.222851927256585" lon="-113.53439957682137">
      <ele>1216.7194682126865</ele>
      <time>2026-06-14T23:51:05Z</time>
      </trkpt>
      <trkpt lat="47.222851927256585" lon="-113.53439957682137">
      <ele>1216.4270225148648</ele>
      <time>2026-06-14T23:51:20Z</time>
      </trkpt>
      <trkpt lat="47.222851927256585" lon="-113.53439957682137">
      <ele>1216.568972505629</ele>
      <time>2026-06-14T23:51:35Z</time>
      </trkpt>
      <trkpt lat="47.222851927256585" lon="-113.53439957682137">
      <ele>1216.43432511203</ele>
      <time>2026-06-14T23:51:50Z</time>
      </trkpt>
      <trkpt lat="47.222851927256585" lon="-113.53439957682137">
      <ele>1216.7707452857867</ele>
      <time>2026-06-14T23:52:05Z</time>
      </trkpt>
      <trkpt lat="47.222851927256585" lon="-113.53439957682137">
      <ele>1216.7838698765263</ele>
      <time>2026-06-14T23:52:20Z</time>
      </trkpt>
      <trkpt lat="47.222851927256585" lon="-113.53439957682137">
      <ele>1216.3344009267166</ele>
      <time>2026-06-14T23:52:35Z</time>
      </trkpt>
      <trkpt lat="47.222851927256585" lon="-113.53439957682137">
      <ele>1216.4628136353567</ele>
      <time>2026-06-14T23:52:50Z</time>
      </trkpt>
      <trkpt lat="47.222851927256585" lon="-113.53439957682137">
      <ele>1217.565863574855</ele>
      <time>2026-06-14T23:53:05Z</time>
      </trkpt>
      <trkpt lat="47.222851927256585" lon="-113.53439957682137">
      <ele>1217.1612100107595</ele>
      <time>2026-06-14T23:53:20Z</time>
      </trkpt>
      <trkpt lat="47.222851927256585" lon="-113.53439957682137">
      <ele>1217.1612100107595</ele>
      <time>2026-06-14T23:53:35Z</time>
      </trkpt>
      <trkpt lat="47.222851927256585" lon="-113.53439957682137">
      <ele>1216.48934784811</ele>
      <time>2026-06-14T23:53:50Z</time>
      </trkpt>
      <trkpt lat="47.222851927256585" lon="-113.53439957682137">
      <ele>1217.454127206467</ele>
      <time>2026-06-14T23:54:05Z</time>
      </trkpt>
      <trkpt lat="47.222851927256585" lon="-113.53439957682137">
      <ele>1215.0087870741263</ele>
      <time>2026-06-14T23:54:20Z</time>
      </trkpt>
      <trkpt lat="47.222851927256585" lon="-113.53439957682137">
      <ele>1214.7750860378146</ele>
      <time>2026-06-14T23:54:35Z</time>
      </trkpt>
      <trkpt lat="47.222851927256585" lon="-113.53439957682137">
      <ele>1216.734864545986</ele>
      <time>2026-06-14T23:54:50Z</time>
      </trkpt>
      <trkpt lat="47.222851927256585" lon="-113.53439957682137">
      <ele>1216.845958611928</ele>
      <time>2026-06-14T23:55:05Z</time>
      </trkpt>
      <trkpt lat="47.222851927256585" lon="-113.53439957682137">
      <ele>1217.1447706278414</ele>
      <time>2026-06-14T23:55:20Z</time>
      </trkpt>
      <trkpt lat="47.222851927256585" lon="-113.53439957682137">
      <ele>1217.1447706278414</ele>
      <time>2026-06-14T23:55:35Z</time>
      </trkpt>
      <trkpt lat="47.222851927256585" lon="-113.53439957682137">
      <ele>1217.3451952533796</ele>
      <time>2026-06-14T23:55:50Z</time>
      </trkpt>
      <trkpt lat="47.222851927256585" lon="-113.53439957682137">
      <ele>1217.1900025568902</ele>
      <time>2026-06-14T23:56:05Z</time>
      </trkpt>
      <trkpt lat="47.222851927256585" lon="-113.53439957682137">
      <ele>1217.170156095177</ele>
      <time>2026-06-14T23:56:20Z</time>
      </trkpt>
      <trkpt lat="47.222851927256585" lon="-113.53439957682137">
      <ele>1218.633270070888</ele>
      <time>2026-06-14T23:56:35Z</time>
      </trkpt>
      <trkpt lat="47.222851927256585" lon="-113.53439957682137">
      <ele>1218.0081801200286</ele>
      <time>2026-06-14T23:56:50Z</time>
      </trkpt>
      <trkpt lat="47.222851927256585" lon="-113.53439957682137">
      <ele>1216.9647361375391</ele>
      <time>2026-06-14T23:57:05Z</time>
      </trkpt>
      <trkpt lat="47.222851927256585" lon="-113.53439957682137">
      <ele>1216.4561316594481</ele>
      <time>2026-06-14T23:57:20Z</time>
      </trkpt>
      <trkpt lat="47.222851927256585" lon="-113.53439957682137">
      <ele>1216.1685425611213</ele>
      <time>2026-06-14T23:57:35Z</time>
      </trkpt>
      <trkpt lat="47.222851927256585" lon="-113.53439957682137">
      <ele>1215.9206283986568</ele>
      <time>2026-06-14T23:57:50Z</time>
      </trkpt>
      <trkpt lat="47.222851927256585" lon="-113.53439957682137">
      <ele>1215.9830182567239</ele>
      <time>2026-06-14T23:58:05Z</time>
      </trkpt>
      <trkpt lat="47.222851927256585" lon="-113.53439957682137">
      <ele>1215.8305409317836</ele>
      <time>2026-06-14T23:58:20Z</time>
      </trkpt>
      <trkpt lat="47.222851927256585" lon="-113.53439957682137">
      <ele>1215.3128552073613</ele>
      <time>2026-06-14T23:58:35Z</time>
      </trkpt>
      <trkpt lat="47.222851927256585" lon="-113.53439957682137">
      <ele>1216.4775363840163</ele>
      <time>2026-06-14T23:58:50Z</time>
      </trkpt>
      <trkpt lat="47.222851927256585" lon="-113.53439957682137">
      <ele>1215.7784509034827</ele>
      <time>2026-06-14T23:59:05Z</time>
      </trkpt>
      <trkpt lat="47.222785915847275" lon="-113.53448967945958">
      <ele>1216.0808442551643</ele>
      <time>2026-06-14T23:59:15Z</time>
      </trkpt>
      <trkpt lat="47.222785915847275" lon="-113.53448967945958">
      <ele>1216.1458464981988</ele>
      <time>2026-06-14T23:59:20Z</time>
      </trkpt>
      <trkpt lat="47.222785915847275" lon="-113.53448967945958">
      <ele>1215.749846253544</ele>
      <time>2026-06-14T23:59:35Z</time>
      </trkpt>
      <trkpt lat="47.22269507694051" lon="-113.53451345179894">
      <ele>1215.950122276321</ele>
      <time>2026-06-14T23:59:40Z</time>
      </trkpt>
      <trkpt lat="47.22269507694051" lon="-113.53451345179894">
      <ele>1216.1260369205847</ele>
      <time>2026-06-14T23:59:50Z</time>
      </trkpt>
      <trkpt lat="47.22269507694051" lon="-113.53451345179894">
      <ele>1215.956113833934</ele>
      <time>2026-06-15T00:00:05Z</time>
      </trkpt>
      <trkpt lat="47.22260183334128" lon="-113.53452626424196">
      <ele>1215.6959396395832</ele>
      <time>2026-06-15T00:00:20Z</time>
      </trkpt>
      <trkpt lat="47.22260183334128" lon="-113.53452626424196">
      <ele>1215.6959396395832</ele>
      <time>2026-06-15T00:00:20Z</time>
      </trkpt>
      <trkpt lat="47.22260183334128" lon="-113.53452626424196">
      <ele>1215.9055405594409</ele>
      <time>2026-06-15T00:00:35Z</time>
      </trkpt>
      <trkpt lat="47.222506713267244" lon="-113.5345231642846">
      <ele>1215.4750859439373</ele>
      <time>2026-06-15T00:00:49Z</time>
      </trkpt>
      <trkpt lat="47.222506713267244" lon="-113.5345231642846">
      <ele>1215.6219200780615</ele>
      <time>2026-06-15T00:00:50Z</time>
      </trkpt>
      <trkpt lat="47.222506713267244" lon="-113.5345231642846">
      <ele>1215.6426407517865</ele>
      <time>2026-06-15T00:01:05Z</time>
      </trkpt>
      <trkpt lat="47.222415583956526" lon="-113.53453644583632">
      <ele>1216.1443959092721</ele>
      <time>2026-06-15T00:01:17Z</time>
      </trkpt>
      <trkpt lat="47.222415583956526" lon="-113.53453644583632">
      <ele>1216.217580405064</ele>
      <time>2026-06-15T00:01:20Z</time>
      </trkpt>
      <trkpt lat="47.222415583956526" lon="-113.53453644583632">
      <ele>1215.9648943338543</ele>
      <time>2026-06-15T00:01:35Z</time>
      </trkpt>
      <trkpt lat="47.22233377974098" lon="-113.53459564381647">
      <ele>1217.2065218100324</ele>
      <time>2026-06-15T00:01:45Z</time>
      </trkpt>
      <trkpt lat="47.22233377974098" lon="-113.53459564381647">
      <ele>1217.217066667974</ele>
      <time>2026-06-15T00:01:50Z</time>
      </trkpt>
      <trkpt lat="47.22233377974098" lon="-113.53459564381647">
      <ele>1217.1187856849283</ele>
      <time>2026-06-15T00:02:05Z</time>
      </trkpt>
      <trkpt lat="47.222252534997544" lon="-113.53465914687233">
      <ele>1217.0465362919495</ele>
      <time>2026-06-15T00:02:11Z</time>
      </trkpt>
      <trkpt lat="47.222252534997544" lon="-113.53465914687233">
      <ele>1216.7191102672368</ele>
      <time>2026-06-15T00:02:20Z</time>
      </trkpt>
      <trkpt lat="47.222252534997544" lon="-113.53465914687233">
      <ele>1216.8450385490432</ele>
      <time>2026-06-15T00:02:35Z</time>
      </trkpt>
      <trkpt lat="47.222252534997544" lon="-113.53465914687233">
      <ele>1216.8450385490432</ele>
      <time>2026-06-15T00:02:50Z</time>
      </trkpt>
      <trkpt lat="47.22209664890433" lon="-113.53481923126661">
      <ele>1216.400939481333</ele>
      <time>2026-06-15T00:02:57Z</time>
      </trkpt>
      <trkpt lat="47.22209664890433" lon="-113.53481923126661">
      <ele>1216.4196315854788</ele>
      <time>2026-06-15T00:03:05Z</time>
      </trkpt>
      <trkpt lat="47.22209664890433" lon="-113.53481923126661">
      <ele>1216.0840949248523</ele>
      <time>2026-06-15T00:03:20Z</time>
      </trkpt>
      <trkpt lat="47.222011178363395" lon="-113.53488010791347">
      <ele>1215.7393061555922</ele>
      <time>2026-06-15T00:03:25Z</time>
      </trkpt>
      <trkpt lat="47.222011178363395" lon="-113.53488010791347">
      <ele>1215.5777060156688</ele>
      <time>2026-06-15T00:03:35Z</time>
      </trkpt>
      <trkpt lat="47.221919136485695" lon="-113.53493292724647">
      <ele>1215.7305428264663</ele>
      <time>2026-06-15T00:03:40Z</time>
      </trkpt>
      <trkpt lat="47.221919136485695" lon="-113.53493292724647">
      <ele>1215.4419895606115</ele>
      <time>2026-06-15T00:03:50Z</time>
      </trkpt>
      <trkpt lat="47.22183594048569" lon="-113.53499090508278">
      <ele>1216.1116674682125</ele>
      <time>2026-06-15T00:03:59Z</time>
      </trkpt>
      <trkpt lat="47.22183594048569" lon="-113.53499090508278">
      <ele>1215.8256918564439</ele>
      <time>2026-06-15T00:04:05Z</time>
      </trkpt>
      <trkpt lat="47.22200087276028" lon="-113.53505741815411">
      <ele>1218.6415672302246</ele>
      <time>2026-06-15T00:04:20Z</time>
      </trkpt>
      <trkpt lat="47.22200087276028" lon="-113.53505741815411">
      <ele>1218.6415672302246</ele>
      <time>2026-06-15T00:04:20Z</time>
      </trkpt>
      <trkpt lat="47.22173504753238" lon="-113.53504250981295">
      <ele>1220.2927750516683</ele>
      <time>2026-06-15T00:04:28Z</time>
      </trkpt>
      <trkpt lat="47.22173504753238" lon="-113.53504250981295">
      <ele>1217.4469839669764</ele>
      <time>2026-06-15T00:04:35Z</time>
      </trkpt>
      <trkpt lat="47.22165385267925" lon="-113.53498484017682">
      <ele>1216.5937640815973</ele>
      <time>2026-06-15T00:04:44Z</time>
      </trkpt>
      <trkpt lat="47.22165385267925" lon="-113.53498484017682">
      <ele>1216.3348481226712</ele>
      <time>2026-06-15T00:04:50Z</time>
      </trkpt>
      <trkpt lat="47.22165385267925" lon="-113.53498484017682">
      <ele>1216.120682307519</ele>
      <time>2026-06-15T00:05:05Z</time>
      </trkpt>
      <trkpt lat="47.22159444609519" lon="-113.53488373941155">
      <ele>1214.732495359145</ele>
      <time>2026-06-15T00:05:15Z</time>
      </trkpt>
      <trkpt lat="47.22159444609519" lon="-113.53488373941155">
      <ele>1216.3447893196717</ele>
      <time>2026-06-15T00:05:20Z</time>
      </trkpt>
      <trkpt lat="47.22159444609519" lon="-113.53488373941155">
      <ele>1217.6743406746536</ele>
      <time>2026-06-15T00:05:35Z</time>
      </trkpt>
      <trkpt lat="47.22159444609519" lon="-113.53488373941155">
      <ele>1217.725236938335</ele>
      <time>2026-06-15T00:05:50Z</time>
      </trkpt>
      <trkpt lat="47.22159444609519" lon="-113.53488373941155">
      <ele>1216.7632611328736</ele>
      <time>2026-06-15T00:06:05Z</time>
      </trkpt>
      <trkpt lat="47.22159444609519" lon="-113.53488373941155">
      <ele>1215.494354378432</ele>
      <time>2026-06-15T00:06:20Z</time>
      </trkpt>
      <trkpt lat="47.22159444609519" lon="-113.53488373941155">
      <ele>1216.3462003283203</ele>
      <time>2026-06-15T00:06:35Z</time>
      </trkpt>
      <trkpt lat="47.22159444609519" lon="-113.53488373941155">
      <ele>1217.0104140127078</ele>
      <time>2026-06-15T00:06:50Z</time>
      </trkpt>
      <trkpt lat="47.22159444609519" lon="-113.53488373941155">
      <ele>1216.4730709195137</ele>
      <time>2026-06-15T00:07:05Z</time>
      </trkpt>
      <trkpt lat="47.22159444609519" lon="-113.53488373941155">
      <ele>1216.4085058942437</ele>
      <time>2026-06-15T00:07:20Z</time>
      </trkpt>
      <trkpt lat="47.22159444609519" lon="-113.53488373941155">
      <ele>1213.9097084403038</ele>
      <time>2026-06-15T00:07:35Z</time>
      </trkpt>
      <trkpt lat="47.22159444609519" lon="-113.53488373941155">
      <ele>1218.3402728205547</ele>
      <time>2026-06-15T00:07:50Z</time>
      </trkpt>
      <trkpt lat="47.22159444609519" lon="-113.53488373941155">
      <ele>1217.1726747136563</ele>
      <time>2026-06-15T00:08:05Z</time>
      </trkpt>
      <trkpt lat="47.22159444609519" lon="-113.53488373941155">
      <ele>1217.3794984193519</ele>
      <time>2026-06-15T00:08:20Z</time>
      </trkpt>
      <trkpt lat="47.22159444609519" lon="-113.53488373941155">
      <ele>1216.4514497360215</ele>
      <time>2026-06-15T00:08:35Z</time>
      </trkpt>
      <trkpt lat="47.22159444609519" lon="-113.53488373941155">
      <ele>1216.846872407943</ele>
      <time>2026-06-15T00:08:50Z</time>
      </trkpt>
      <trkpt lat="47.22159444609519" lon="-113.53488373941155">
      <ele>1218.1410824172199</ele>
      <time>2026-06-15T00:09:05Z</time>
      </trkpt>
      <trkpt lat="47.22159444609519" lon="-113.53488373941155">
      <ele>1216.9867696445435</ele>
      <time>2026-06-15T00:09:20Z</time>
      </trkpt>
      <trkpt lat="47.22156280230749" lon="-113.53501156003716">
      <ele>1216.5087144104764</ele>
      <time>2026-06-15T00:09:27Z</time>
      </trkpt>
      <trkpt lat="47.221539706855225" lon="-113.53524003395424">
      <ele>1216.412739799358</ele>
      <time>2026-06-15T00:09:33Z</time>
      </trkpt>
      <trkpt lat="47.221539706855225" lon="-113.53524003395424">
      <ele>1216.412739799358</ele>
      <time>2026-06-15T00:09:35Z</time>
      </trkpt>
      <trkpt lat="47.221539706855225" lon="-113.53524003395424">
      <ele>1218.7346686413512</ele>
      <time>2026-06-15T00:09:50Z</time>
      </trkpt>
      <trkpt lat="47.221539706855225" lon="-113.53524003395424">
      <ele>1217.4032906536013</ele>
      <time>2026-06-15T00:10:05Z</time>
      </trkpt>
      <trkpt lat="47.22146627802662" lon="-113.53532946723139">
      <ele>1217.6294431127608</ele>
      <time>2026-06-15T00:10:11Z</time>
      </trkpt>
      <trkpt lat="47.22146627802662" lon="-113.53532946723139">
      <ele>1216.780958743766</ele>
      <time>2026-06-15T00:10:20Z</time>
      </trkpt>
      <trkpt lat="47.22146627802662" lon="-113.53532946723139">
      <ele>1216.4324054103345</ele>
      <time>2026-06-15T00:10:35Z</time>
      </trkpt>
      <trkpt lat="47.2214604781738" lon="-113.53546178246668">
      <ele>1216.1680337842554</ele>
      <time>2026-06-15T00:10:39Z</time>
      </trkpt>
      <trkpt lat="47.2214604781738" lon="-113.53546178246668">
      <ele>1216.466420872137</ele>
      <time>2026-06-15T00:10:50Z</time>
      </trkpt>
      <trkpt lat="47.2214604781738" lon="-113.53546178246668">
      <ele>1217.1617697700858</ele>
      <time>2026-06-15T00:11:05Z</time>
      </trkpt>
      <trkpt lat="47.22148720794975" lon="-113.53559071265471">
      <ele>1217.4642929118127</ele>
      <time>2026-06-15T00:11:08Z</time>
      </trkpt>
      <trkpt lat="47.22148720794975" lon="-113.53559071265471">
      <ele>1217.4443385060877</ele>
      <time>2026-06-15T00:11:20Z</time>
      </trkpt>
      <trkpt lat="47.22148720794975" lon="-113.53559071265471">
      <ele>1217.242162866518</ele>
      <time>2026-06-15T00:11:35Z</time>
      </trkpt>
      <trkpt lat="47.22148720794975" lon="-113.53559071265471">
      <ele>1216.9111607670784</ele>
      <time>2026-06-15T00:11:50Z</time>
      </trkpt>
      <trkpt lat="47.22148720794975" lon="-113.53559071265471">
      <ele>1216.83731365297</ele>
      <time>2026-06-15T00:12:05Z</time>
      </trkpt>
      <trkpt lat="47.22154528489736" lon="-113.53569908245197">
      <ele>1216.8178600193933</ele>
      <time>2026-06-15T00:12:10Z</time>
      </trkpt>
      <trkpt lat="47.22154528489736" lon="-113.53569908245197">
      <ele>1216.5164430700243</ele>
      <time>2026-06-15T00:12:20Z</time>
      </trkpt>
      <trkpt lat="47.22154528489736" lon="-113.53569908245197">
      <ele>1216.6397428428754</ele>
      <time>2026-06-15T00:12:35Z</time>
      </trkpt>
      <trkpt lat="47.22156965327553" lon="-113.53582959041871">
      <ele>1216.7279326487333</ele>
      <time>2026-06-15T00:12:39Z</time>
      </trkpt>
      <trkpt lat="47.22156965327553" lon="-113.53582959041871">
      <ele>1216.8110740454867</ele>
      <time>2026-06-15T00:12:50Z</time>
      </trkpt>
      <trkpt lat="47.22156965327553" lon="-113.53582959041871">
      <ele>1216.7993043940514</ele>
      <time>2026-06-15T00:13:05Z</time>
      </trkpt>
      <trkpt lat="47.22156965327553" lon="-113.53582959041871">
      <ele>1216.7885631686077</ele>
      <time>2026-06-15T00:13:20Z</time>
      </trkpt>
      <trkpt lat="47.22154300867087" lon="-113.53595677501328">
      <ele>1216.888820439577</ele>
      <time>2026-06-15T00:13:31Z</time>
      </trkpt>
      <trkpt lat="47.22154300867087" lon="-113.53595677501328">
      <ele>1217.0191866224632</ele>
      <time>2026-06-15T00:13:35Z</time>
      </trkpt>
      <trkpt lat="47.22148512502703" lon="-113.5360607191681">
      <ele>1217.0883309030905</ele>
      <time>2026-06-15T00:13:50Z</time>
      </trkpt>
      <trkpt lat="47.22148512502703" lon="-113.5360607191681">
      <ele>1217.0883309030905</ele>
      <time>2026-06-15T00:13:50Z</time>
      </trkpt>
      <trkpt lat="47.22148512502703" lon="-113.5360607191681">
      <ele>1216.8335223505273</ele>
      <time>2026-06-15T00:14:05Z</time>
      </trkpt>
      <trkpt lat="47.22148512502703" lon="-113.5360607191681">
      <ele>1217.2553610363975</ele>
      <time>2026-06-15T00:14:20Z</time>
      </trkpt>
      <trkpt lat="47.22143950005524" lon="-113.53617528691737">
      <ele>1217.1740518631414</ele>
      <time>2026-06-15T00:14:21Z</time>
      </trkpt>
      <trkpt lat="47.22143950005524" lon="-113.53617528691737">
      <ele>1216.7586871813983</ele>
      <time>2026-06-15T00:14:35Z</time>
      </trkpt>
      <trkpt lat="47.22143950005524" lon="-113.53617528691737">
      <ele>1216.9257855024189</ele>
      <time>2026-06-15T00:14:50Z</time>
      </trkpt>
      <trkpt lat="47.22139860949422" lon="-113.5362975214661">
      <ele>1216.9457771508023</ele>
      <time>2026-06-15T00:14:51Z</time>
      </trkpt>
      <trkpt lat="47.22139860949422" lon="-113.5362975214661">
      <ele>1216.5201700078323</ele>
      <time>2026-06-15T00:15:05Z</time>
      </trkpt>
      <trkpt lat="47.22139860949422" lon="-113.5362975214661">
      <ele>1215.7370165744796</ele>
      <time>2026-06-15T00:15:20Z</time>
      </trkpt>
      <trkpt lat="47.22135110944862" lon="-113.53641372020897">
      <ele>1216.0572097729892</ele>
      <time>2026-06-15T00:15:23Z</time>
      </trkpt>
      <trkpt lat="47.22135110944862" lon="-113.53641372020897">
      <ele>1217.1465871073306</ele>
      <time>2026-06-15T00:15:35Z</time>
      </trkpt>
      <trkpt lat="47.22128370837825" lon="-113.53650467110212">
      <ele>1217.4686479866505</ele>
      <time>2026-06-15T00:15:50Z</time>
      </trkpt>
      <trkpt lat="47.22128370837825" lon="-113.53650467110212">
      <ele>1217.4686479866505</ele>
      <time>2026-06-15T00:15:50Z</time>
      </trkpt>
      <trkpt lat="47.22128370837825" lon="-113.53650467110212">
      <ele>1216.1894028382376</ele>
      <time>2026-06-15T00:16:05Z</time>
      </trkpt>
      <trkpt lat="47.22121020134598" lon="-113.53658300932119">
      <ele>1215.8978945873678</ele>
      <time>2026-06-15T00:16:19Z</time>
      </trkpt>
      <trkpt lat="47.22121020134598" lon="-113.53658300932119">
      <ele>1215.9419730175287</ele>
      <time>2026-06-15T00:16:20Z</time>
      </trkpt>
      <trkpt lat="47.22121020134598" lon="-113.53658300932119">
      <ele>1216.0523112239316</ele>
      <time>2026-06-15T00:16:35Z</time>
      </trkpt>
      <trkpt lat="47.221121138565415" lon="-113.53660807090992">
      <ele>1216.552728855051</ele>
      <time>2026-06-15T00:16:48Z</time>
      </trkpt>
      <trkpt lat="47.221121138565415" lon="-113.53660807090992">
      <ele>1216.61875442788</ele>
      <time>2026-06-15T00:16:50Z</time>
      </trkpt>
      <trkpt lat="47.221121138565415" lon="-113.53660807090992">
      <ele>1216.7040583249182</ele>
      <time>2026-06-15T00:17:05Z</time>
      </trkpt>
      <trkpt lat="47.221031494368034" lon="-113.53658484332392">
      <ele>1216.6165689425543</ele>
      <time>2026-06-15T00:17:11Z</time>
      </trkpt>
      <trkpt lat="47.221031494368034" lon="-113.53658484332392">
      <ele>1216.306397460401</ele>
      <time>2026-06-15T00:17:20Z</time>
      </trkpt>
      <trkpt lat="47.221031494368034" lon="-113.53658484332392">
      <ele>1216.483495526947</ele>
      <time>2026-06-15T00:17:35Z</time>
      </trkpt>
      <trkpt lat="47.22093431418977" lon="-113.53658086971704">
      <ele>1216.2970464387909</ele>
      <time>2026-06-15T00:17:40Z</time>
      </trkpt>
      <trkpt lat="47.22093431418977" lon="-113.53658086971704">
      <ele>1216.1379447737709</ele>
      <time>2026-06-15T00:17:50Z</time>
      </trkpt>
      <trkpt lat="47.22084462218524" lon="-113.5365666770341">
      <ele>1216.9166800798848</ele>
      <time>2026-06-15T00:18:04Z</time>
      </trkpt>
      <trkpt lat="47.22084462218524" lon="-113.5365666770341">
      <ele>1216.9662815192714</ele>
      <time>2026-06-15T00:18:05Z</time>
      </trkpt>
      <trkpt lat="47.22084462218524" lon="-113.5365666770341">
      <ele>1217.7500796457753</ele>
      <time>2026-06-15T00:18:20Z</time>
      </trkpt>
      <trkpt lat="47.22075543768965" lon="-113.5365368351791">
      <ele>1216.9554112153128</ele>
      <time>2026-06-15T00:18:34Z</time>
      </trkpt>
      <trkpt lat="47.22075543768965" lon="-113.5365368351791">
      <ele>1216.9288306972012</ele>
      <time>2026-06-15T00:18:35Z</time>
      </trkpt>
      <trkpt lat="47.22075543768965" lon="-113.5365368351791">
      <ele>1217.775480854325</ele>
      <time>2026-06-15T00:18:50Z</time>
      </trkpt>
      <trkpt lat="47.22075543768965" lon="-113.5365368351791">
      <ele>1217.5892747072503</ele>
      <time>2026-06-15T00:19:05Z</time>
      </trkpt>
      <trkpt lat="47.22064254544903" lon="-113.53649310606282">
      <ele>1217.3819805728272</ele>
      <time>2026-06-15T00:19:10Z</time>
      </trkpt>
      <trkpt lat="47.22064254544903" lon="-113.53649310606282">
      <ele>1216.7544070426375</ele>
      <time>2026-06-15T00:19:20Z</time>
      </trkpt>
      <trkpt lat="47.22064254544903" lon="-113.53649310606282">
      <ele>1216.5376506168395</ele>
      <time>2026-06-15T00:19:35Z</time>
      </trkpt>
      <trkpt lat="47.22055752238446" lon="-113.53641627413108">
      <ele>1216.0131194507703</ele>
      <time>2026-06-15T00:19:48Z</time>
      </trkpt>
      <trkpt lat="47.22055752238446" lon="-113.53641627413108">
      <ele>1216.3878296781331</ele>
      <time>2026-06-15T00:19:50Z</time>
      </trkpt>
      <trkpt lat="47.22055752238446" lon="-113.53641627413108">
      <ele>1217.015473308973</ele>
      <time>2026-06-15T00:20:05Z</time>
      </trkpt>
      <trkpt lat="47.22055752238446" lon="-113.53641627413108">
      <ele>1216.937098145485</ele>
      <time>2026-06-15T00:20:20Z</time>
      </trkpt>
      <trkpt lat="47.22048368857996" lon="-113.53633501036889">
      <ele>1217.0618543447927</ele>
      <time>2026-06-15T00:20:35Z</time>
      </trkpt>
      <trkpt lat="47.22048368857996" lon="-113.53633501036889">
      <ele>1217.0618543447927</ele>
      <time>2026-06-15T00:20:35Z</time>
      </trkpt>
      <trkpt lat="47.22048368857996" lon="-113.53633501036889">
      <ele>1216.9688437059522</ele>
      <time>2026-06-15T00:20:50Z</time>
      </trkpt>
      <trkpt lat="47.22048368857996" lon="-113.53633501036889">
      <ele>1217.4196741292253</ele>
      <time>2026-06-15T00:21:05Z</time>
      </trkpt>
      <trkpt lat="47.22048368857996" lon="-113.53633501036889">
      <ele>1218.8360499246046</ele>
      <time>2026-06-15T00:21:20Z</time>
      </trkpt>
      <trkpt lat="47.220418028071265" lon="-113.53624444808668">
      <ele>1218.3769991137087</ele>
      <time>2026-06-15T00:21:21Z</time>
      </trkpt>
      <trkpt lat="47.220418028071265" lon="-113.53624444808668">
      <ele>1218.5222202455625</ele>
      <time>2026-06-15T00:21:35Z</time>
      </trkpt>
      <trkpt lat="47.220418028071265" lon="-113.53624444808668">
      <ele>1217.3666367596015</ele>
      <time>2026-06-15T00:21:50Z</time>
      </trkpt>
      <trkpt lat="47.22035077123685" lon="-113.5361497891731">
      <ele>1217.3018818004057</ele>
      <time>2026-06-15T00:21:59Z</time>
      </trkpt>
      <trkpt lat="47.22035077123685" lon="-113.5361497891731">
      <ele>1217.0638332283124</ele>
      <time>2026-06-15T00:22:05Z</time>
      </trkpt>
      <trkpt lat="47.22035077123685" lon="-113.5361497891731">
      <ele>1216.7922956841066</ele>
      <time>2026-06-15T00:22:20Z</time>
      </trkpt>
      <trkpt lat="47.22028879267402" lon="-113.5360513480006">
      <ele>1216.865097289905</ele>
      <time>2026-06-15T00:22:28Z</time>
      </trkpt>
      <trkpt lat="47.22028879267402" lon="-113.5360513480006">
      <ele>1217.0281547624618</ele>
      <time>2026-06-15T00:22:35Z</time>
      </trkpt>
      <trkpt lat="47.22028879267402" lon="-113.5360513480006">
      <ele>1216.739880262874</ele>
      <time>2026-06-15T00:22:50Z</time>
      </trkpt>
      <trkpt lat="47.22023275163794" lon="-113.53594571358501">
      <ele>1216.4428398739547</ele>
      <time>2026-06-15T00:23:04Z</time>
      </trkpt>
      <trkpt lat="47.22023275163794" lon="-113.53594571358501">
      <ele>1216.3950738944113</ele>
      <time>2026-06-15T00:23:05Z</time>
      </trkpt>
      <trkpt lat="47.22023275163794" lon="-113.53594571358501">
      <ele>1215.6359616676345</ele>
      <time>2026-06-15T00:23:20Z</time>
      </trkpt>
      <trkpt lat="47.22023275163794" lon="-113.53594571358501">
      <ele>1215.361038627103</ele>
      <time>2026-06-15T00:23:35Z</time>
      </trkpt>
      <trkpt lat="47.220181017384604" lon="-113.5358370702193">
      <ele>1216.1849636714906</ele>
      <time>2026-06-15T00:23:45Z</time>
      </trkpt>
      <trkpt lat="47.220181017384604" lon="-113.5358370702193">
      <ele>1216.2690188279375</ele>
      <time>2026-06-15T00:23:50Z</time>
      </trkpt>
      <trkpt lat="47.220181017384604" lon="-113.5358370702193">
      <ele>1216.034791273065</ele>
      <time>2026-06-15T00:24:05Z</time>
      </trkpt>
      <trkpt lat="47.220181017384604" lon="-113.5358370702193">
      <ele>1217.5080146025866</ele>
      <time>2026-06-15T00:24:20Z</time>
      </trkpt>
      <trkpt lat="47.220181017384604" lon="-113.5358370702193">
      <ele>1218.400131303817</ele>
      <time>2026-06-15T00:24:35Z</time>
      </trkpt>
      <trkpt lat="47.22011527392534" lon="-113.53573267979934">
      <ele>1218.0191769627854</ele>
      <time>2026-06-15T00:24:36Z</time>
      </trkpt>
      <trkpt lat="47.22011527392534" lon="-113.53573267979934">
      <ele>1217.9482762571424</ele>
      <time>2026-06-15T00:24:50Z</time>
      </trkpt>
      <trkpt lat="47.22011527392534" lon="-113.53573267979934">
      <ele>1216.6474906103685</ele>
      <time>2026-06-15T00:25:05Z</time>
      </trkpt>
      <trkpt lat="47.22011527392534" lon="-113.53573267979934">
      <ele>1216.5797142470255</ele>
      <time>2026-06-15T00:25:20Z</time>
      </trkpt>
      <trkpt lat="47.22007105523334" lon="-113.53561636826886">
      <ele>1217.8845685264096</ele>
      <time>2026-06-15T00:25:27Z</time>
      </trkpt>
      <trkpt lat="47.22007105523334" lon="-113.53561636826886">
      <ele>1218.3336507678032</ele>
      <time>2026-06-15T00:25:35Z</time>
      </trkpt>
      <trkpt lat="47.22007105523334" lon="-113.53561636826886">
      <ele>1216.2249303236604</ele>
      <time>2026-06-15T00:25:50Z</time>
      </trkpt>
      <trkpt lat="47.22007105523334" lon="-113.53561636826886">
      <ele>1216.2249303236604</ele>
      <time>2026-06-15T00:26:05Z</time>
      </trkpt>
      <trkpt lat="47.21999740981012" lon="-113.53553440904383">
      <ele>1215.8800804791972</ele>
      <time>2026-06-15T00:26:11Z</time>
      </trkpt>
      <trkpt lat="47.21999740981012" lon="-113.53553440904383">
      <ele>1216.4949544984847</ele>
      <time>2026-06-15T00:26:20Z</time>
      </trkpt>
      <trkpt lat="47.21999740981012" lon="-113.53553440904383">
      <ele>1215.1731370780617</ele>
      <time>2026-06-15T00:26:35Z</time>
      </trkpt>
      <trkpt lat="47.21999740981012" lon="-113.53553440904383">
      <ele>1215.293223939836</ele>
      <time>2026-06-15T00:26:50Z</time>
      </trkpt>
      <trkpt lat="47.21990728946601" lon="-113.53551152429144">
      <ele>1214.38824504707</ele>
      <time>2026-06-15T00:26:56Z</time>
      </trkpt>
      <trkpt lat="47.21990728946601" lon="-113.53551152429144">
      <ele>1214.733556128107</ele>
      <time>2026-06-15T00:27:05Z</time>
      </trkpt>
      <trkpt lat="47.21990728946601" lon="-113.53551152429144">
      <ele>1215.926738745533</ele>
      <time>2026-06-15T00:27:20Z</time>
      </trkpt>
      <trkpt lat="47.21990728946601" lon="-113.53551152429144">
      <ele>1216.510235636495</ele>
      <time>2026-06-15T00:27:35Z</time>
      </trkpt>
      <trkpt lat="47.219819064323254" lon="-113.53548021569473">
      <ele>1216.670768870972</ele>
      <time>2026-06-15T00:27:41Z</time>
      </trkpt>
      <trkpt lat="47.219819064323254" lon="-113.53548021569473">
      <ele>1216.7973250318319</ele>
      <time>2026-06-15T00:27:50Z</time>
      </trkpt>
      <trkpt lat="47.219727263449556" lon="-113.5355099068962">
      <ele>1216.8859701585025</ele>
      <time>2026-06-15T00:28:02Z</time>
      </trkpt>
      <trkpt lat="47.219727263449556" lon="-113.5355099068962">
      <ele>1217.2106728320941</ele>
      <time>2026-06-15T00:28:05Z</time>
      </trkpt>
      <trkpt lat="47.219727263449556" lon="-113.5355099068962">
      <ele>1215.8998454576358</ele>
      <time>2026-06-15T00:28:20Z</time>
      </trkpt>
      <trkpt lat="47.21964259843011" lon="-113.5355584603829">
      <ele>1215.8912996342406</ele>
      <time>2026-06-15T00:28:23Z</time>
      </trkpt>
      <trkpt lat="47.21964259843011" lon="-113.5355584603829">
      <ele>1216.2565200850368</ele>
      <time>2026-06-15T00:28:35Z</time>
      </trkpt>
      <trkpt lat="47.21955089511518" lon="-113.53559209470292">
      <ele>1215.5081910369918</ele>
      <time>2026-06-15T00:28:45Z</time>
      </trkpt>
      <trkpt lat="47.21955089511518" lon="-113.53559209470292">
      <ele>1215.5901924818754</ele>
      <time>2026-06-15T00:28:50Z</time>
      </trkpt>
      <trkpt lat="47.21955089511518" lon="-113.53559209470292">
      <ele>1216.5895792515948</ele>
      <time>2026-06-15T00:29:05Z</time>
      </trkpt>
      <trkpt lat="47.21947103426203" lon="-113.53565477090808">
      <ele>1216.66859854199</ele>
      <time>2026-06-15T00:29:07Z</time>
      </trkpt>
      <trkpt lat="47.21947103426203" lon="-113.53565477090808">
      <ele>1216.6762505881488</ele>
      <time>2026-06-15T00:29:20Z</time>
      </trkpt>
      <trkpt lat="47.2193914982864" lon="-113.53571795090552">
      <ele>1216.5312422430143</ele>
      <time>2026-06-15T00:29:31Z</time>
      </trkpt>
      <trkpt lat="47.2193914982864" lon="-113.53571795090552">
      <ele>1216.874636487104</ele>
      <time>2026-06-15T00:29:35Z</time>
      </trkpt>
      <trkpt lat="47.2193914982864" lon="-113.53571795090552">
      <ele>1216.1462452504784</ele>
      <time>2026-06-15T00:29:50Z</time>
      </trkpt>
      <trkpt lat="47.21931062904102" lon="-113.53577843368977">
      <ele>1216.3494777996093</ele>
      <time>2026-06-15T00:30:02Z</time>
      </trkpt>
      <trkpt lat="47.21931062904102" lon="-113.53577843368977">
      <ele>1216.3997954893857</ele>
      <time>2026-06-15T00:30:05Z</time>
      </trkpt>
      <trkpt lat="47.21931062904102" lon="-113.53577843368977">
      <ele>1216.4039197023958</ele>
      <time>2026-06-15T00:30:20Z</time>
      </trkpt>
      <trkpt lat="47.21922527140041" lon="-113.53582376872322">
      <ele>1216.5084559721872</ele>
      <time>2026-06-15T00:30:23Z</time>
      </trkpt>
      <trkpt lat="47.21922527140041" lon="-113.53582376872322">
      <ele>1216.793687229976</ele>
      <time>2026-06-15T00:30:35Z</time>
      </trkpt>
      <trkpt lat="47.21922527140041" lon="-113.53582376872322">
      <ele>1216.6619313489646</ele>
      <time>2026-06-15T00:30:50Z</time>
      </trkpt>
      <trkpt lat="47.21922527140041" lon="-113.53582376872322">
      <ele>1216.6968330899253</ele>
      <time>2026-06-15T00:31:05Z</time>
      </trkpt>
      <trkpt lat="47.21912228168695" lon="-113.53589474966488">
      <ele>1216.350912226364</ele>
      <time>2026-06-15T00:31:10Z</time>
      </trkpt>
      <trkpt lat="47.21912228168695" lon="-113.53589474966488">
      <ele>1216.2351947426796</ele>
      <time>2026-06-15T00:31:20Z</time>
      </trkpt>
      <trkpt lat="47.21912228168695" lon="-113.53589474966488">
      <ele>1216.7768045412377</ele>
      <time>2026-06-15T00:31:35Z</time>
      </trkpt>
      <trkpt lat="47.21903435019002" lon="-113.53592316538841">
      <ele>1216.9177544359118</ele>
      <time>2026-06-15T00:31:36Z</time>
      </trkpt>
      <trkpt lat="47.21903435019002" lon="-113.53592316538841">
      <ele>1218.082016340457</ele>
      <time>2026-06-15T00:31:50Z</time>
      </trkpt>
      <trkpt lat="47.21903435019002" lon="-113.53592316538841">
      <ele>1218.082016340457</ele>
      <time>2026-06-15T00:32:05Z</time>
      </trkpt>
      <trkpt lat="47.21894044133119" lon="-113.53595249205122">
      <ele>1218.4446991104633</ele>
      <time>2026-06-15T00:32:19Z</time>
      </trkpt>
      <trkpt lat="47.21894044133119" lon="-113.53595249205122">
      <ele>1218.5449326774105</ele>
      <time>2026-06-15T00:32:20Z</time>
      </trkpt>
      <trkpt lat="47.21894044133119" lon="-113.53595249205122">
      <ele>1217.1880184812471</ele>
      <time>2026-06-15T00:32:35Z</time>
      </trkpt>
      <trkpt lat="47.2188508928499" lon="-113.53601182227477">
      <ele>1218.050703057088</ele>
      <time>2026-06-15T00:32:44Z</time>
      </trkpt>
      <trkpt lat="47.2188508928499" lon="-113.53601182227477">
      <ele>1218.6099118217826</ele>
      <time>2026-06-15T00:32:50Z</time>
      </trkpt>
      <trkpt lat="47.2188508928499" lon="-113.53601182227477">
      <ele>1218.043054902926</ele>
      <time>2026-06-15T00:33:05Z</time>
      </trkpt>
      <trkpt lat="47.2188508928499" lon="-113.53601182227477">
      <ele>1216.3006038162857</ele>
      <time>2026-06-15T00:33:20Z</time>
      </trkpt>
      <trkpt lat="47.2188508928499" lon="-113.53601182227477">
      <ele>1216.3006038162857</ele>
      <time>2026-06-15T00:33:35Z</time>
      </trkpt>
      <trkpt lat="47.21869226130516" lon="-113.5360476464771">
      <ele>1217.382554275915</ele>
      <time>2026-06-15T00:33:36Z</time>
      </trkpt>
      <trkpt lat="47.21869226130516" lon="-113.5360476464771">
      <ele>1217.8211701773107</ele>
      <time>2026-06-15T00:33:50Z</time>
      </trkpt>
      <trkpt lat="47.21869226130516" lon="-113.5360476464771">
      <ele>1217.630555964075</ele>
      <time>2026-06-15T00:34:05Z</time>
      </trkpt>
      <trkpt lat="47.21869226130516" lon="-113.5360476464771">
      <ele>1217.630555964075</ele>
      <time>2026-06-15T00:34:20Z</time>
      </trkpt>
      <trkpt lat="47.218545321840274" lon="-113.53606197125254">
      <ele>1217.409541554749</ele>
      <time>2026-06-15T00:34:30Z</time>
      </trkpt>
      <trkpt lat="47.218545321840274" lon="-113.53606197125254">
      <ele>1217.409541554749</ele>
      <time>2026-06-15T00:34:35Z</time>
      </trkpt>
      <trkpt lat="47.218545321840274" lon="-113.53606197125254">
      <ele>1217.4396882122383</ele>
      <time>2026-06-15T00:34:50Z</time>
      </trkpt>
      <trkpt lat="47.21846500096194" lon="-113.53599460256558">
      <ele>1218.1038629589602</ele>
      <time>2026-06-15T00:34:59Z</time>
      </trkpt>
      <trkpt lat="47.21846500096194" lon="-113.53599460256558">
      <ele>1218.2990404805169</ele>
      <time>2026-06-15T00:35:05Z</time>
      </trkpt>
      <trkpt lat="47.21846500096194" lon="-113.53599460256558">
      <ele>1220.3210105402395</ele>
      <time>2026-06-15T00:35:20Z</time>
      </trkpt>
      <trkpt lat="47.21846500096194" lon="-113.53599460256558">
      <ele>1218.6193590965122</ele>
      <time>2026-06-15T00:35:35Z</time>
      </trkpt>
      <trkpt lat="47.21846500096194" lon="-113.53599460256558">
      <ele>1218.6884832652286</ele>
      <time>2026-06-15T00:35:50Z</time>
      </trkpt>
      <trkpt lat="47.218424291372116" lon="-113.53578338063951">
      <ele>1217.7204763405025</ele>
      <time>2026-06-15T00:35:54Z</time>
      </trkpt>
      <trkpt lat="47.218424291372116" lon="-113.53578338063951">
      <ele>1216.740352710709</ele>
      <time>2026-06-15T00:36:05Z</time>
      </trkpt>
      <trkpt lat="47.218424291372116" lon="-113.53578338063951">
      <ele>1217.357864189893</ele>
      <time>2026-06-15T00:36:20Z</time>
      </trkpt>
      <trkpt lat="47.21837354875971" lon="-113.53566800633706">
      <ele>1217.5629014540464</ele>
      <time>2026-06-15T00:36:22Z</time>
      </trkpt>
      <trkpt lat="47.21837354875971" lon="-113.53566800633706">
      <ele>1217.8223364949226</ele>
      <time>2026-06-15T00:36:35Z</time>
      </trkpt>
      <trkpt lat="47.21837354875971" lon="-113.53566800633706">
      <ele>1217.8052214113995</ele>
      <time>2026-06-15T00:36:50Z</time>
      </trkpt>
      <trkpt lat="47.218370678457745" lon="-113.53552238087124">
      <ele>1217.4719049716368</ele>
      <time>2026-06-15T00:36:54Z</time>
      </trkpt>
      <trkpt lat="47.218370678457745" lon="-113.53552238087124">
      <ele>1217.229745616205</ele>
      <time>2026-06-15T00:37:05Z</time>
      </trkpt>
      <trkpt lat="47.21840622274632" lon="-113.53539941718523">
      <ele>1217.0805929107592</ele>
      <time>2026-06-15T00:37:11Z</time>
      </trkpt>
      <trkpt lat="47.21840622274632" lon="-113.53539941718523">
      <ele>1216.9711739085615</ele>
      <time>2026-06-15T00:37:20Z</time>
      </trkpt>
      <trkpt lat="47.218465202273535" lon="-113.53529370633296">
      <ele>1217.2584800999612</ele>
      <time>2026-06-15T00:37:22Z</time>
      </trkpt>
      <trkpt lat="47.218515063632395" lon="-113.53518290235813">
      <ele>1217.5097445985302</ele>
      <time>2026-06-15T00:37:33Z</time>
      </trkpt>
      <trkpt lat="47.218515063632395" lon="-113.53518290235813">
      <ele>1217.54796893429</ele>
      <time>2026-06-15T00:37:35Z</time>
      </trkpt>
      <trkpt lat="47.21855750596147" lon="-113.53506101997917">
      <ele>1217.4349258206785</ele>
      <time>2026-06-15T00:37:46Z</time>
      </trkpt>
      <trkpt lat="47.21855750596147" lon="-113.53506101997917">
      <ele>1217.5913952132687</ele>
      <time>2026-06-15T00:37:50Z</time>
      </trkpt>
      <trkpt lat="47.21858297145728" lon="-113.53492946470337">
      <ele>1217.9607688914984</ele>
      <time>2026-06-15T00:38:02Z</time>
      </trkpt>
      <trkpt lat="47.21858297145728" lon="-113.53492946470337">
      <ele>1218.148629238829</ele>
      <time>2026-06-15T00:38:05Z</time>
      </trkpt>
      <trkpt lat="47.21858297145728" lon="-113.53492946470337">
      <ele>1217.3280496662483</ele>
      <time>2026-06-15T00:38:20Z</time>
      </trkpt>
      <trkpt lat="47.21861486326664" lon="-113.53479352799371">
      <ele>1217.3551026713103</ele>
      <time>2026-06-15T00:38:25Z</time>
      </trkpt>
      <trkpt lat="47.21861486326664" lon="-113.53479352799371">
      <ele>1216.8727369746193</ele>
      <time>2026-06-15T00:38:35Z</time>
      </trkpt>
      <trkpt lat="47.21864270817741" lon="-113.53466374137834">
      <ele>1217.3772538052872</ele>
      <time>2026-06-15T00:38:46Z</time>
      </trkpt>
      <trkpt lat="47.21864270817741" lon="-113.53466374137834">
      <ele>1217.1032802518457</ele>
      <time>2026-06-15T00:38:50Z</time>
      </trkpt>
      <trkpt lat="47.21864270817741" lon="-113.53466374137834">
      <ele>1216.9506012825295</ele>
      <time>2026-06-15T00:39:05Z</time>
      </trkpt>
      <trkpt lat="47.218680310428155" lon="-113.53454174447401">
      <ele>1217.0584190692753</ele>
      <time>2026-06-15T00:39:08Z</time>
      </trkpt>
      <trkpt lat="47.218680310428155" lon="-113.53454174447401">
      <ele>1217.8541312813759</ele>
      <time>2026-06-15T00:39:20Z</time>
      </trkpt>
      <trkpt lat="47.21875211741783" lon="-113.53437060514754">
      <ele>1215.8529027001932</ele>
      <time>2026-06-15T00:39:35Z</time>
      </trkpt>
      <trkpt lat="47.21875211741783" lon="-113.53437060514754">
      <ele>1215.8529027001932</ele>
      <time>2026-06-15T00:39:35Z</time>
      </trkpt>
      <trkpt lat="47.21875211741783" lon="-113.53437060514754">
      <ele>1215.5339531917125</ele>
      <time>2026-06-15T00:39:50Z</time>
      </trkpt>
      <trkpt lat="47.21880440247414" lon="-113.53425760561669">
      <ele>1215.1123441122472</ele>
      <time>2026-06-15T00:39:55Z</time>
      </trkpt>
      <trkpt lat="47.21880440247414" lon="-113.53425760561669">
      <ele>1214.6465847166255</ele>
      <time>2026-06-15T00:40:05Z</time>
      </trkpt>
      <trkpt lat="47.218859523016896" lon="-113.53414773121155">
      <ele>1215.2313124444336</ele>
      <time>2026-06-15T00:40:13Z</time>
      </trkpt>
      <trkpt lat="47.218859523016896" lon="-113.53414773121155">
      <ele>1216.2353326268494</ele>
      <time>2026-06-15T00:40:20Z</time>
      </trkpt>
      <trkpt lat="47.21890024710571" lon="-113.53402970597364">
      <ele>1216.8822984378785</ele>
      <time>2026-06-15T00:40:34Z</time>
      </trkpt>
      <trkpt lat="47.21890024710571" lon="-113.53402970597364">
      <ele>1216.3952859314159</ele>
      <time>2026-06-15T00:40:35Z</time>
      </trkpt>
      <trkpt lat="47.21890024710571" lon="-113.53402970597364">
      <ele>1217.2137708393857</ele>
      <time>2026-06-15T00:40:50Z</time>
      </trkpt>
      <trkpt lat="47.21892019933377" lon="-113.53389692493616">
      <ele>1218.0234512416646</ele>
      <time>2026-06-15T00:40:59Z</time>
      </trkpt>
      <trkpt lat="47.21892019933377" lon="-113.53389692493616">
      <ele>1217.2568272538483</ele>
      <time>2026-06-15T00:41:05Z</time>
      </trkpt>
      <trkpt lat="47.21892019933377" lon="-113.53389692493616">
      <ele>1217.0734217986465</ele>
      <time>2026-06-15T00:41:20Z</time>
      </trkpt>
      <trkpt lat="47.21895792370571" lon="-113.5337756329114">
      <ele>1216.0958252092823</ele>
      <time>2026-06-15T00:41:32Z</time>
      </trkpt>
      <trkpt lat="47.21895792370571" lon="-113.5337756329114">
      <ele>1215.7724157925695</ele>
      <time>2026-06-15T00:41:35Z</time>
      </trkpt>
      <trkpt lat="47.21895792370571" lon="-113.5337756329114">
      <ele>1218.3773272242397</ele>
      <time>2026-06-15T00:41:50Z</time>
      </trkpt>
      <trkpt lat="47.21901151641549" lon="-113.53366279757843">
      <ele>1219.1005171062425</ele>
      <time>2026-06-15T00:41:51Z</time>
      </trkpt>
      <trkpt lat="47.21901151641549" lon="-113.53366279757843">
      <ele>1216.868273055181</ele>
      <time>2026-06-15T00:42:05Z</time>
      </trkpt>
      <trkpt lat="47.21901594528668" lon="-113.53353019301932">
      <ele>1216.7000166829675</ele>
      <time>2026-06-15T00:42:17Z</time>
      </trkpt>
      <trkpt lat="47.21901594528668" lon="-113.53353019301932">
      <ele>1216.4660820662975</ele>
      <time>2026-06-15T00:42:20Z</time>
      </trkpt>
      <trkpt lat="47.21901594528668" lon="-113.53353019301932">
      <ele>1215.948653965257</ele>
      <time>2026-06-15T00:42:35Z</time>
      </trkpt>
      <trkpt lat="47.219020916275525" lon="-113.53339812703847">
      <ele>1215.7312507051975</ele>
      <time>2026-06-15T00:42:42Z</time>
      </trkpt>
      <trkpt lat="47.219020916275525" lon="-113.53339812703847">
      <ele>1215.0140870716423</ele>
      <time>2026-06-15T00:42:50Z</time>
      </trkpt>
      <trkpt lat="47.219020916275525" lon="-113.53339812703847">
      <ele>1214.9651676779613</ele>
      <time>2026-06-15T00:43:05Z</time>
      </trkpt>
      <trkpt lat="47.2190226024701" lon="-113.53326267241212">
      <ele>1215.191232114099</ele>
      <time>2026-06-15T00:43:12Z</time>
      </trkpt>
      <trkpt lat="47.2190226024701" lon="-113.53326267241212">
      <ele>1215.3021451169625</ele>
      <time>2026-06-15T00:43:20Z</time>
      </trkpt>
      <trkpt lat="47.2190226024701" lon="-113.53326267241212">
      <ele>1215.7783908098936</ele>
      <time>2026-06-15T00:43:35Z</time>
      </trkpt>
      <trkpt lat="47.2190226024701" lon="-113.53326267241212">
      <ele>1215.9574498021975</ele>
      <time>2026-06-15T00:43:50Z</time>
      </trkpt>
      <trkpt lat="47.21898877848182" lon="-113.53313984203507">
      <ele>1214.4924818901345</ele>
      <time>2026-06-15T00:43:55Z</time>
      </trkpt>
      <trkpt lat="47.21898877848182" lon="-113.53313984203507">
      <ele>1214.3293009912595</ele>
      <time>2026-06-15T00:44:05Z</time>
      </trkpt>
      <trkpt lat="47.21898877848182" lon="-113.53313984203507">
      <ele>1215.2727167820558</ele>
      <time>2026-06-15T00:44:20Z</time>
      </trkpt>
      <trkpt lat="47.21898877848182" lon="-113.53313984203507">
      <ele>1216.112793136388</ele>
      <time>2026-06-15T00:44:35Z</time>
      </trkpt>
      <trkpt lat="47.21898877848182" lon="-113.53313984203507">
      <ele>1216.112793136388</ele>
      <time>2026-06-15T00:44:50Z</time>
      </trkpt>
      <trkpt lat="47.21898877848182" lon="-113.53313984203507">
      <ele>1216.0421369038522</ele>
      <time>2026-06-15T00:45:05Z</time>
      </trkpt>
      <trkpt lat="47.21898877848182" lon="-113.53313984203507">
      <ele>1216.0421369038522</ele>
      <time>2026-06-15T00:45:20Z</time>
      </trkpt>
      <trkpt lat="47.218874651446285" lon="-113.53307516535729">
      <ele>1217.4355320297182</ele>
      <time>2026-06-15T00:45:24Z</time>
      </trkpt>
      <trkpt lat="47.218874651446285" lon="-113.53307516535729">
      <ele>1216.6872208761051</ele>
      <time>2026-06-15T00:45:35Z</time>
      </trkpt>
      <trkpt lat="47.21877828810868" lon="-113.5330538591264">
      <ele>1218.1396743403748</ele>
      <time>2026-06-15T00:45:48Z</time>
      </trkpt>
      <trkpt lat="47.21877828810868" lon="-113.5330538591264">
      <ele>1217.8037141291425</ele>
      <time>2026-06-15T00:45:50Z</time>
      </trkpt>
      <trkpt lat="47.21877828810868" lon="-113.5330538591264">
      <ele>1218.6825892422348</ele>
      <time>2026-06-15T00:46:05Z</time>
      </trkpt>
      <trkpt lat="47.21877828810868" lon="-113.5330538591264">
      <ele>1218.6825892422348</ele>
      <time>2026-06-15T00:46:20Z</time>
      </trkpt>
      <trkpt lat="47.21866347809091" lon="-113.53303513814797">
      <ele>1218.7812343304977</ele>
      <time>2026-06-15T00:46:29Z</time>
      </trkpt>
      <trkpt lat="47.21866347809091" lon="-113.53303513814797">
      <ele>1218.5959672983736</ele>
      <time>2026-06-15T00:46:35Z</time>
      </trkpt>
      <trkpt lat="47.21866347809091" lon="-113.53303513814797">
      <ele>1218.567704075016</ele>
      <time>2026-06-15T00:46:50Z</time>
      </trkpt>
      <trkpt lat="47.21857326454051" lon="-113.53303156091803">
      <ele>1217.9613847592846</ele>
      <time>2026-06-15T00:46:59Z</time>
      </trkpt>
      <trkpt lat="47.21857326454051" lon="-113.53303156091803">
      <ele>1217.6224424745888</ele>
      <time>2026-06-15T00:47:05Z</time>
      </trkpt>
      <trkpt lat="47.21857326454051" lon="-113.53303156091803">
      <ele>1217.3112048264593</ele>
      <time>2026-06-15T00:47:20Z</time>
      </trkpt>
      <trkpt lat="47.21857326454051" lon="-113.53303156091803">
      <ele>1217.3634045580402</ele>
      <time>2026-06-15T00:47:35Z</time>
      </trkpt>
      <trkpt lat="47.21857326454051" lon="-113.53303156091803">
      <ele>1217.2537518665195</ele>
      <time>2026-06-15T00:47:50Z</time>
      </trkpt>
      <trkpt lat="47.21851364058552" lon="-113.53313214094827">
      <ele>1217.134074374102</ele>
      <time>2026-06-15T00:48:03Z</time>
      </trkpt>
      <trkpt lat="47.21851364058552" lon="-113.53313214094827">
      <ele>1217.16624686867</ele>
      <time>2026-06-15T00:48:05Z</time>
      </trkpt>
      <trkpt lat="47.21851364058552" lon="-113.53313214094827">
      <ele>1217.1758316997439</ele>
      <time>2026-06-15T00:48:20Z</time>
      </trkpt>
      <trkpt lat="47.21851364058552" lon="-113.53313214094827">
      <ele>1217.1758316997439</ele>
      <time>2026-06-15T00:48:35Z</time>
      </trkpt>
      <trkpt lat="47.21851364058552" lon="-113.53313214094827">
      <ele>1217.1758316997439</ele>
      <time>2026-06-15T00:48:50Z</time>
      </trkpt>
      <trkpt lat="47.21851364058552" lon="-113.53313214094827">
      <ele>1216.329273154959</ele>
      <time>2026-06-15T00:49:05Z</time>
      </trkpt>
      <trkpt lat="47.21853877513418" lon="-113.53326818613472">
      <ele>1216.3309582835063</ele>
      <time>2026-06-15T00:49:12Z</time>
      </trkpt>
      <trkpt lat="47.21853877513418" lon="-113.53326818613472">
      <ele>1216.2673298027366</ele>
      <time>2026-06-15T00:49:20Z</time>
      </trkpt>
      <trkpt lat="47.21853877513418" lon="-113.53326818613472">
      <ele>1216.1181648382917</ele>
      <time>2026-06-15T00:49:35Z</time>
      </trkpt>
      <trkpt lat="47.21853877513418" lon="-113.53326818613472">
      <ele>1216.2855114731938</ele>
      <time>2026-06-15T00:49:50Z</time>
      </trkpt>
      <trkpt lat="47.218565975658464" lon="-113.53339658650117">
      <ele>1216.8007479999214</ele>
      <time>2026-06-15T00:49:53Z</time>
      </trkpt>
      <trkpt lat="47.218565975658464" lon="-113.53339658650117">
      <ele>1216.807862535119</ele>
      <time>2026-06-15T00:50:05Z</time>
      </trkpt>
      <trkpt lat="47.218565975658464" lon="-113.53339658650117">
      <ele>1216.7979489034042</ele>
      <time>2026-06-15T00:50:20Z</time>
      </trkpt>
      <trkpt lat="47.218565975658464" lon="-113.53339658650117">
      <ele>1217.231522156857</ele>
      <time>2026-06-15T00:50:35Z</time>
      </trkpt>
      <trkpt lat="47.218565975658464" lon="-113.53339658650117">
      <ele>1216.4421252049506</ele>
      <time>2026-06-15T00:50:50Z</time>
      </trkpt>
      <trkpt lat="47.218570005548756" lon="-113.53353563611903">
      <ele>1216.064001487568</ele>
      <time>2026-06-15T00:50:55Z</time>
      </trkpt>
      <trkpt lat="47.218570005548756" lon="-113.53353563611903">
      <ele>1215.135049622506</ele>
      <time>2026-06-15T00:51:05Z</time>
      </trkpt>
      <trkpt lat="47.2185006787977" lon="-113.53363242968045">
      <ele>1213.0309311095625</ele>
      <time>2026-06-15T00:51:10Z</time>
      </trkpt>
      <trkpt lat="47.2185006787977" lon="-113.53363242968045">
      <ele>1214.5454342905432</ele>
      <time>2026-06-15T00:51:20Z</time>
      </trkpt>
      <trkpt lat="47.2185006787977" lon="-113.53363242968045">
      <ele>1216.372965936549</ele>
      <time>2026-06-15T00:51:35Z</time>
      </trkpt>
      <trkpt lat="47.218440667484884" lon="-113.53373227388197">
      <ele>1216.8215064369142</ele>
      <time>2026-06-15T00:51:44Z</time>
      </trkpt>
      <trkpt lat="47.218440667484884" lon="-113.53373227388197">
      <ele>1216.751332479529</ele>
      <time>2026-06-15T00:51:50Z</time>
      </trkpt>
      <trkpt lat="47.21835856560388" lon="-113.53381395321013">
      <ele>1217.7508803727105</ele>
      <time>2026-06-15T00:52:05Z</time>
      </trkpt>
      <trkpt lat="47.21835856560388" lon="-113.53381395321013">
      <ele>1217.7508803727105</ele>
      <time>2026-06-15T00:52:05Z</time>
      </trkpt>
      <trkpt lat="47.21835856560388" lon="-113.53381395321013">
      <ele>1217.5318394303322</ele>
      <time>2026-06-15T00:52:20Z</time>
      </trkpt>
      <trkpt lat="47.21827754411066" lon="-113.53390025997612">
      <ele>1218.9370521465316</ele>
      <time>2026-06-15T00:52:35Z</time>
      </trkpt>
      <trkpt lat="47.21827754411066" lon="-113.53390025997612">
      <ele>1218.9370521465316</ele>
      <time>2026-06-15T00:52:35Z</time>
      </trkpt>
      <trkpt lat="47.218184473116516" lon="-113.53395222316428">
      <ele>1220.6016748957336</ele>
      <time>2026-06-15T00:52:42Z</time>
      </trkpt>
      <trkpt lat="47.218096657032994" lon="-113.53403600281821">
      <ele>1222.3929083514959</ele>
      <time>2026-06-15T00:52:49Z</time>
      </trkpt>
      <trkpt lat="47.218096657032994" lon="-113.53403600281821">
      <ele>1223.820429591462</ele>
      <time>2026-06-15T00:52:50Z</time>
      </trkpt>
      <trkpt lat="47.218096657032994" lon="-113.53403600281821">
      <ele>1220.3616269053891</ele>
      <time>2026-06-15T00:53:05Z</time>
      </trkpt>
      <trkpt lat="47.218096657032994" lon="-113.53403600281821">
      <ele>1216.9264495950192</ele>
      <time>2026-06-15T00:53:20Z</time>
      </trkpt>
      <trkpt lat="47.21815130386022" lon="-113.53427150692056">
      <ele>1216.3932772018015</ele>
      <time>2026-06-15T00:53:28Z</time>
      </trkpt>
      <trkpt lat="47.218064881861885" lon="-113.53434233762964">
      <ele>1216.9277447769418</ele>
      <time>2026-06-15T00:53:32Z</time>
      </trkpt>
      <trkpt lat="47.218064881861885" lon="-113.53434233762964">
      <ele>1218.0212277201936</ele>
      <time>2026-06-15T00:53:35Z</time>
      </trkpt>
      <trkpt lat="47.218050382179634" lon="-113.53448079835294">
      <ele>1217.1280594514683</ele>
      <time>2026-06-15T00:53:44Z</time>
      </trkpt>
      <trkpt lat="47.218050382179634" lon="-113.53448079835294">
      <ele>1217.3504494754598</ele>
      <time>2026-06-15T00:53:50Z</time>
      </trkpt>
      <trkpt lat="47.21795612567645" lon="-113.53444137635789">
      <ele>1217.1663126507774</ele>
      <time>2026-06-15T00:53:52Z</time>
      </trkpt>
      <trkpt lat="47.21795612567645" lon="-113.53444137635789">
      <ele>1217.687131440267</ele>
      <time>2026-06-15T00:54:05Z</time>
      </trkpt>
      <trkpt lat="47.21795612567645" lon="-113.53444137635789">
      <ele>1217.979809465818</ele>
      <time>2026-06-15T00:54:20Z</time>
      </trkpt>
      <trkpt lat="47.21795612567645" lon="-113.53444137635789">
      <ele>1218.0343417683616</ele>
      <time>2026-06-15T00:54:35Z</time>
      </trkpt>
      <trkpt lat="47.21785233360486" lon="-113.53449742320322">
      <ele>1221.447109280154</ele>
      <time>2026-06-15T00:54:49Z</time>
      </trkpt>
      <trkpt lat="47.21785233360486" lon="-113.53449742320322">
      <ele>1220.920375882648</ele>
      <time>2026-06-15T00:54:50Z</time>
      </trkpt>
      <trkpt lat="47.21785233360486" lon="-113.53449742320322">
      <ele>1218.4470109613612</ele>
      <time>2026-06-15T00:55:05Z</time>
      </trkpt>
      <trkpt lat="47.21785233360486" lon="-113.53449742320322">
      <ele>1218.2987400470302</ele>
      <time>2026-06-15T00:55:20Z</time>
      </trkpt>
      <trkpt lat="47.21778745708064" lon="-113.53459117743304">
      <ele>1218.118975263089</ele>
      <time>2026-06-15T00:55:23Z</time>
      </trkpt>
      <trkpt lat="47.21778745708064" lon="-113.53459117743304">
      <ele>1218.1846547750756</ele>
      <time>2026-06-15T00:55:35Z</time>
      </trkpt>
      <trkpt lat="47.2176459692096" lon="-113.53449792017213">
      <ele>1218.8091398663819</ele>
      <time>2026-06-15T00:55:46Z</time>
      </trkpt>
      <trkpt lat="47.2176459692096" lon="-113.53449792017213">
      <ele>1218.261571294628</ele>
      <time>2026-06-15T00:55:50Z</time>
      </trkpt>
      <trkpt lat="47.2176459692096" lon="-113.53449792017213">
      <ele>1216.161476187408</ele>
      <time>2026-06-15T00:56:05Z</time>
      </trkpt>
      <trkpt lat="47.21756748405032" lon="-113.53442143822234">
      <ele>1215.957224290818</ele>
      <time>2026-06-15T00:56:09Z</time>
      </trkpt>
      <trkpt lat="47.21756748405032" lon="-113.53442143822234">
      <ele>1216.4547701338306</ele>
      <time>2026-06-15T00:56:20Z</time>
      </trkpt>
      <trkpt lat="47.21751035447716" lon="-113.53431753183791">
      <ele>1217.2600667076185</ele>
      <time>2026-06-15T00:56:28Z</time>
      </trkpt>
      <trkpt lat="47.21751035447716" lon="-113.53431753183791">
      <ele>1217.765543879941</ele>
      <time>2026-06-15T00:56:35Z</time>
      </trkpt>
      <trkpt lat="47.21743567137002" lon="-113.53421891993987">
      <ele>1217.6736477287486</ele>
      <time>2026-06-15T00:56:39Z</time>
      </trkpt>
      <trkpt lat="47.21743567137002" lon="-113.53421891993987">
      <ele>1217.7582367984578</ele>
      <time>2026-06-15T00:56:50Z</time>
      </trkpt>
      <trkpt lat="47.21737843625161" lon="-113.53410563248296">
      <ele>1218.2123947637156</ele>
      <time>2026-06-15T00:56:58Z</time>
      </trkpt>
      <trkpt lat="47.21737843625161" lon="-113.53410563248296">
      <ele>1217.5237550353631</ele>
      <time>2026-06-15T00:57:05Z</time>
      </trkpt>
      <trkpt lat="47.21737843625161" lon="-113.53410563248296">
      <ele>1217.5237550353631</ele>
      <time>2026-06-15T00:57:20Z</time>
      </trkpt>
      <trkpt lat="47.21737843625161" lon="-113.53410563248296">
      <ele>1217.5237550353631</ele>
      <time>2026-06-15T00:57:35Z</time>
      </trkpt>
      <trkpt lat="47.217349774249136" lon="-113.53396659831289">
      <ele>1217.1269777761772</ele>
      <time>2026-06-15T00:57:39Z</time>
      </trkpt>
      <trkpt lat="47.217355186696" lon="-113.53382735020396">
      <ele>1217.856377467513</ele>
      <time>2026-06-15T00:57:48Z</time>
      </trkpt>
      <trkpt lat="47.217355186696" lon="-113.53382735020396">
      <ele>1218.1022603549063</ele>
      <time>2026-06-15T00:57:50Z</time>
      </trkpt>
      <trkpt lat="47.21733235705518" lon="-113.53366503139176">
      <ele>1218.4732190957293</ele>
      <time>2026-06-15T00:57:54Z</time>
      </trkpt>
      <trkpt lat="47.21733235705518" lon="-113.53366503139176">
      <ele>1217.564091633074</ele>
      <time>2026-06-15T00:58:05Z</time>
      </trkpt>
      <trkpt lat="47.21733235705518" lon="-113.53366503139176">
      <ele>1217.564091633074</ele>
      <time>2026-06-15T00:58:20Z</time>
      </trkpt>
      <trkpt lat="47.21733235705518" lon="-113.53366503139176">
      <ele>1217.564091633074</ele>
      <time>2026-06-15T00:58:35Z</time>
      </trkpt>
      <trkpt lat="47.21733235705518" lon="-113.53366503139176">
      <ele>1217.564091633074</ele>
      <time>2026-06-15T00:58:50Z</time>
      </trkpt>
      <trkpt lat="47.217381673794804" lon="-113.53352736624421">
      <ele>1217.9746564235538</ele>
      <time>2026-06-15T00:58:55Z</time>
      </trkpt>
      <trkpt lat="47.217381673794804" lon="-113.53352736624421">
      <ele>1216.544643460773</ele>
      <time>2026-06-15T00:59:05Z</time>
      </trkpt>
      <trkpt lat="47.21746588982051" lon="-113.5333460271134">
      <ele>1218.4057195540518</ele>
      <time>2026-06-15T00:59:19Z</time>
      </trkpt>
      <trkpt lat="47.21746588982051" lon="-113.5333460271134">
      <ele>1218.5738106090575</ele>
      <time>2026-06-15T00:59:20Z</time>
      </trkpt>
      <trkpt lat="47.217482189360304" lon="-113.53320476832673">
      <ele>1218.7790272375569</ele>
      <time>2026-06-15T00:59:29Z</time>
      </trkpt>
      <trkpt lat="47.217482189360304" lon="-113.53320476832673">
      <ele>1218.7745824772865</ele>
      <time>2026-06-15T00:59:35Z</time>
      </trkpt>
      <trkpt lat="47.217482189360304" lon="-113.53320476832673">
      <ele>1218.5558938207105</ele>
      <time>2026-06-15T00:59:50Z</time>
      </trkpt>
      <trkpt lat="47.217482189360304" lon="-113.53320476832673">
      <ele>1218.5558938207105</ele>
      <time>2026-06-15T01:00:05Z</time>
      </trkpt>
      <trkpt lat="47.217482189360304" lon="-113.53320476832673">
      <ele>1218.5558938207105</ele>
      <time>2026-06-15T01:00:20Z</time>
      </trkpt>
      <trkpt lat="47.21749350529978" lon="-113.53307295915019">
      <ele>1217.2915803845972</ele>
      <time>2026-06-15T01:00:27Z</time>
      </trkpt>
      <trkpt lat="47.21749350529978" lon="-113.53307295915019">
      <ele>1217.3362665856257</ele>
      <time>2026-06-15T01:00:35Z</time>
      </trkpt>
      <trkpt lat="47.217496875807036" lon="-113.53293229514958">
      <ele>1217.1196576338261</ele>
      <time>2026-06-15T01:00:49Z</time>
      </trkpt>
      <trkpt lat="47.217496875807036" lon="-113.53293229514958">
      <ele>1217.2003323752433</ele>
      <time>2026-06-15T01:00:50Z</time>
      </trkpt>
      <trkpt lat="47.217496875807036" lon="-113.53293229514958">
      <ele>1218.1368902474642</ele>
      <time>2026-06-15T01:01:05Z</time>
      </trkpt>
      <trkpt lat="47.21750510477791" lon="-113.5327902274617">
      <ele>1217.7554969089106</ele>
      <time>2026-06-15T01:01:06Z</time>
      </trkpt>
      <trkpt lat="47.21750510477791" lon="-113.5327902274617">
      <ele>1217.873352330178</ele>
      <time>2026-06-15T01:01:20Z</time>
      </trkpt>
      <trkpt lat="47.21748653988303" lon="-113.53263928945596">
      <ele>1217.1102388659492</ele>
      <time>2026-06-15T01:01:27Z</time>
      </trkpt>
      <trkpt lat="47.21748653988303" lon="-113.53263928945596">
      <ele>1217.1000767312944</ele>
      <time>2026-06-15T01:01:35Z</time>
      </trkpt>
      <trkpt lat="47.217488898645584" lon="-113.53250379556673">
      <ele>1216.9117654375732</ele>
      <time>2026-06-15T01:01:45Z</time>
      </trkpt>
      <trkpt lat="47.217488898645584" lon="-113.53250379556673">
      <ele>1216.6673737764359</ele>
      <time>2026-06-15T01:01:50Z</time>
      </trkpt>
      <trkpt lat="47.217484899576334" lon="-113.53236323319551">
      <ele>1216.6271382272243</ele>
      <time>2026-06-15T01:02:02Z</time>
      </trkpt>
      <trkpt lat="47.217484899576334" lon="-113.53236323319551">
      <ele>1215.5332882404327</ele>
      <time>2026-06-15T01:02:05Z</time>
      </trkpt>
      <trkpt lat="47.217484899576334" lon="-113.53236323319551">
      <ele>1215.5098124435171</ele>
      <time>2026-06-15T01:02:20Z</time>
      </trkpt>
      <trkpt lat="47.217484899576334" lon="-113.53236323319551">
      <ele>1215.5098124435171</ele>
      <time>2026-06-15T01:02:35Z</time>
      </trkpt>
      <trkpt lat="47.217484899576334" lon="-113.53236323319551">
      <ele>1215.5098124435171</ele>
      <time>2026-06-15T01:02:50Z</time>
      </trkpt>
      <trkpt lat="47.21742449568249" lon="-113.53204531842711">
      <ele>1216.5494740214199</ele>
      <time>2026-06-15T01:02:51Z</time>
      </trkpt>
      <trkpt lat="47.21742449568249" lon="-113.53204531842711">
      <ele>1216.3454713234678</ele>
      <time>2026-06-15T01:03:05Z</time>
      </trkpt>
      <trkpt lat="47.21742449568249" lon="-113.53204531842711">
      <ele>1217.239195083268</ele>
      <time>2026-06-15T01:03:20Z</time>
      </trkpt>
      <trkpt lat="47.21740874311444" lon="-113.53190175557961">
      <ele>1217.840254562907</ele>
      <time>2026-06-15T01:03:21Z</time>
      </trkpt>
      <trkpt lat="47.21740874311444" lon="-113.53190175557961">
      <ele>1216.5491996649653</ele>
      <time>2026-06-15T01:03:35Z</time>
      </trkpt>
      <trkpt lat="47.21740874311444" lon="-113.53190175557961">
      <ele>1216.874042215757</ele>
      <time>2026-06-15T01:03:50Z</time>
      </trkpt>
      <trkpt lat="47.21740874311444" lon="-113.53190175557961">
      <ele>1216.4892741069198</ele>
      <time>2026-06-15T01:04:05Z</time>
      </trkpt>
      <trkpt lat="47.21738210705858" lon="-113.53176946489752">
      <ele>1216.4302341630682</ele>
      <time>2026-06-15T01:04:07Z</time>
      </trkpt>
      <trkpt lat="47.21738210705858" lon="-113.53176946489752">
      <ele>1216.1668106503785</ele>
      <time>2026-06-15T01:04:20Z</time>
      </trkpt>
      <trkpt lat="47.21738210705858" lon="-113.53176946489752">
      <ele>1216.033632909879</ele>
      <time>2026-06-15T01:04:35Z</time>
      </trkpt>
      <trkpt lat="47.21736673215311" lon="-113.5316374881158">
      <ele>1215.9487353255972</ele>
      <time>2026-06-15T01:04:39Z</time>
      </trkpt>
      <trkpt lat="47.21736673215311" lon="-113.5316374881158">
      <ele>1216.0301002291963</ele>
      <time>2026-06-15T01:04:50Z</time>
      </trkpt>
      <trkpt lat="47.21736673215311" lon="-113.5316374881158">
      <ele>1215.9680206459016</ele>
      <time>2026-06-15T01:05:05Z</time>
      </trkpt>
      <trkpt lat="47.217341631146326" lon="-113.53150859754365">
      <ele>1215.8471942031756</ele>
      <time>2026-06-15T01:05:15Z</time>
      </trkpt>
      <trkpt lat="47.217341631146326" lon="-113.53150859754365">
      <ele>1215.8224321343005</ele>
      <time>2026-06-15T01:05:20Z</time>
      </trkpt>
      <trkpt lat="47.217341631146326" lon="-113.53150859754365">
      <ele>1215.9749314999208</ele>
      <time>2026-06-15T01:05:35Z</time>
      </trkpt>
      <trkpt lat="47.217341631146326" lon="-113.53150859754365">
      <ele>1216.421342054382</ele>
      <time>2026-06-15T01:05:50Z</time>
      </trkpt>
      <trkpt lat="47.217341631146326" lon="-113.53150859754365">
      <ele>1216.5629144348204</ele>
      <time>2026-06-15T01:06:05Z</time>
      </trkpt>
      <trkpt lat="47.21734004076296" lon="-113.53134607509193">
      <ele>1216.1776854181662</ele>
      <time>2026-06-15T01:06:19Z</time>
      </trkpt>
      <trkpt lat="47.21734004076296" lon="-113.53134607509193">
      <ele>1216.1364918146282</ele>
      <time>2026-06-15T01:06:20Z</time>
      </trkpt>
      <trkpt lat="47.21734004076296" lon="-113.53134607509193">
      <ele>1216.795971935615</ele>
      <time>2026-06-15T01:06:35Z</time>
      </trkpt>
      <trkpt lat="47.21734004076296" lon="-113.53134607509193">
      <ele>1217.3391510806978</ele>
      <time>2026-06-15T01:06:50Z</time>
      </trkpt>
      <trkpt lat="47.21734004076296" lon="-113.53134607509193">
      <ele>1217.786029134877</ele>
      <time>2026-06-15T01:07:05Z</time>
      </trkpt>
      <trkpt lat="47.21734004076296" lon="-113.53134607509193">
      <ele>1218.0707711698487</ele>
      <time>2026-06-15T01:07:20Z</time>
      </trkpt>
      <trkpt lat="47.21739601454459" lon="-113.53124182995104">
      <ele>1218.3800509264693</ele>
      <time>2026-06-15T01:07:30Z</time>
      </trkpt>
      <trkpt lat="47.21739601454459" lon="-113.53124182995104">
      <ele>1218.1714970758185</ele>
      <time>2026-06-15T01:07:35Z</time>
      </trkpt>
      <trkpt lat="47.21739601454459" lon="-113.53124182995104">
      <ele>1218.533418532461</ele>
      <time>2026-06-15T01:07:50Z</time>
      </trkpt>
      <trkpt lat="47.21739601454459" lon="-113.53124182995104">
      <ele>1218.6369611285627</ele>
      <time>2026-06-15T01:08:05Z</time>
      </trkpt>
      <trkpt lat="47.21748714517743" lon="-113.53123960120296">
      <ele>1218.488623389043</ele>
      <time>2026-06-15T01:08:17Z</time>
      </trkpt>
      <trkpt lat="47.21748714517743" lon="-113.53123960120296">
      <ele>1218.529650661163</ele>
      <time>2026-06-15T01:08:20Z</time>
      </trkpt>
      <trkpt lat="47.21748714517743" lon="-113.53123960120296">
      <ele>1218.3770060939714</ele>
      <time>2026-06-15T01:08:35Z</time>
      </trkpt>
      <trkpt lat="47.21757807016625" lon="-113.5312510340189">
      <ele>1218.2497493876144</ele>
      <time>2026-06-15T01:08:46Z</time>
      </trkpt>
      <trkpt lat="47.21757807016625" lon="-113.5312510340189">
      <ele>1218.2495580734685</ele>
      <time>2026-06-15T01:08:50Z</time>
      </trkpt>
      <trkpt lat="47.21757807016625" lon="-113.5312510340189">
      <ele>1217.8449227521196</ele>
      <time>2026-06-15T01:09:05Z</time>
      </trkpt>
      <trkpt lat="47.217668351485905" lon="-113.53127713636314">
      <ele>1217.924070310779</ele>
      <time>2026-06-15T01:09:12Z</time>
      </trkpt>
      <trkpt lat="47.217668351485905" lon="-113.53127713636314">
      <ele>1217.8520088382065</ele>
      <time>2026-06-15T01:09:20Z</time>
      </trkpt>
      <trkpt lat="47.21775283478354" lon="-113.53133809687685">
      <ele>1217.7880540043116</ele>
      <time>2026-06-15T01:09:29Z</time>
      </trkpt>
      <trkpt lat="47.21775283478354" lon="-113.53133809687685">
      <ele>1217.983659814112</ele>
      <time>2026-06-15T01:09:35Z</time>
      </trkpt>
      <trkpt lat="47.217824772811404" lon="-113.53142800801876">
      <ele>1217.8152336245403</ele>
      <time>2026-06-15T01:09:43Z</time>
      </trkpt>
      <trkpt lat="47.217824772811404" lon="-113.53142800801876">
      <ele>1217.782086350955</ele>
      <time>2026-06-15T01:09:50Z</time>
      </trkpt>
      <trkpt lat="47.21791061469991" lon="-113.53153029533001">
      <ele>1214.4236770467833</ele>
      <time>2026-06-15T01:10:04Z</time>
      </trkpt>
      <trkpt lat="47.21791061469991" lon="-113.53153029533001">
      <ele>1214.158066152595</ele>
      <time>2026-06-15T01:10:05Z</time>
      </trkpt>
      <trkpt lat="47.21791061469991" lon="-113.53153029533001">
      <ele>1212.3079942204058</ele>
      <time>2026-06-15T01:10:20Z</time>
      </trkpt>
      <trkpt lat="47.21797348862708" lon="-113.53162751425833">
      <ele>1212.3332576975226</ele>
      <time>2026-06-15T01:10:23Z</time>
      </trkpt>
      <trkpt lat="47.21797348862708" lon="-113.53162751425833">
      <ele>1212.5468025915325</ele>
      <time>2026-06-15T01:10:35Z</time>
      </trkpt>
      <trkpt lat="47.21802618742925" lon="-113.5317417943989">
      <ele>1211.6252777045593</ele>
      <time>2026-06-15T01:10:40Z</time>
      </trkpt>
      <trkpt lat="47.21802618742925" lon="-113.5317417943989">
      <ele>1213.6007010443136</ele>
      <time>2026-06-15T01:10:50Z</time>
      </trkpt>
      <trkpt lat="47.21807348151941" lon="-113.53186274221314">
      <ele>1214.8304146667942</ele>
      <time>2026-06-15T01:10:55Z</time>
      </trkpt>
      <trkpt lat="47.21807348151941" lon="-113.53186274221314">
      <ele>1215.622166858986</ele>
      <time>2026-06-15T01:11:05Z</time>
      </trkpt>
      <trkpt lat="47.21814068877657" lon="-113.53197376824394">
      <ele>1216.5280940216035</ele>
      <time>2026-06-15T01:11:17Z</time>
      </trkpt>
      <trkpt lat="47.21814068877657" lon="-113.53197376824394">
      <ele>1216.5808980064467</ele>
      <time>2026-06-15T01:11:20Z</time>
      </trkpt>
      <trkpt lat="47.218223481508765" lon="-113.5320263798201">
      <ele>1217.1945855151862</ele>
      <time>2026-06-15T01:11:30Z</time>
      </trkpt>
      <trkpt lat="47.218223481508765" lon="-113.5320263798201">
      <ele>1217.6922453222796</ele>
      <time>2026-06-15T01:11:35Z</time>
      </trkpt>
      <trkpt lat="47.21831162718007" lon="-113.53205913220688">
      <ele>1218.0433949381113</ele>
      <time>2026-06-15T01:11:46Z</time>
      </trkpt>
      <trkpt lat="47.21831162718007" lon="-113.53205913220688">
      <ele>1218.0433949381113</ele>
      <time>2026-06-15T01:11:50Z</time>
      </trkpt>
      <trkpt lat="47.21831162718007" lon="-113.53205913220688">
      <ele>1217.7519943183288</ele>
      <time>2026-06-15T01:12:05Z</time>
      </trkpt>
      <trkpt lat="47.21831162718007" lon="-113.53205913220688">
      <ele>1217.7519943183288</ele>
      <time>2026-06-15T01:12:20Z</time>
      </trkpt>
      <trkpt lat="47.21849606404956" lon="-113.53207272785384">
      <ele>1222.4561464972794</ele>
      <time>2026-06-15T01:12:25Z</time>
      </trkpt>
      <trkpt lat="47.21849606404956" lon="-113.53207272785384">
      <ele>1221.320296161808</ele>
      <time>2026-06-15T01:12:35Z</time>
      </trkpt>
      <trkpt lat="47.218589993812046" lon="-113.53207163416471">
      <ele>1219.434032923542</ele>
      <time>2026-06-15T01:12:44Z</time>
      </trkpt>
      <trkpt lat="47.218589993812046" lon="-113.53207163416471">
      <ele>1218.3773980448022</ele>
      <time>2026-06-15T01:12:50Z</time>
      </trkpt>
      <trkpt lat="47.21868041510554" lon="-113.53208086567481">
      <ele>1216.7439226889983</ele>
      <time>2026-06-15T01:13:03Z</time>
      </trkpt>
      <trkpt lat="47.21868041510554" lon="-113.53208086567481">
      <ele>1216.635250323452</ele>
      <time>2026-06-15T01:13:05Z</time>
      </trkpt>
      <trkpt lat="47.21868041510554" lon="-113.53208086567481">
      <ele>1217.2188449259847</ele>
      <time>2026-06-15T01:13:20Z</time>
      </trkpt>
      <trkpt lat="47.21877873964625" lon="-113.53208338100642">
      <ele>1217.2369872545823</ele>
      <time>2026-06-15T01:13:26Z</time>
      </trkpt>
      <trkpt lat="47.21877873964625" lon="-113.53208338100642">
      <ele>1217.4516643257812</ele>
      <time>2026-06-15T01:13:35Z</time>
      </trkpt>
      <trkpt lat="47.21877873964625" lon="-113.53208338100642">
      <ele>1217.4516643257812</ele>
      <time>2026-06-15T01:13:50Z</time>
      </trkpt>
      <trkpt lat="47.2188856452317" lon="-113.53209443887386">
      <ele>1217.3259731875733</ele>
      <time>2026-06-15T01:14:00Z</time>
      </trkpt>
      <trkpt lat="47.2188856452317" lon="-113.53209443887386">
      <ele>1217.389957097359</ele>
      <time>2026-06-15T01:14:05Z</time>
      </trkpt>
      <trkpt lat="47.21897938931551" lon="-113.53211170982091">
      <ele>1217.6170189157128</ele>
      <time>2026-06-15T01:14:15Z</time>
      </trkpt>
      <trkpt lat="47.21897938931551" lon="-113.53211170982091">
      <ele>1217.5794455157593</ele>
      <time>2026-06-15T01:14:20Z</time>
      </trkpt>
      <trkpt lat="47.21897938931551" lon="-113.53211170982091">
      <ele>1217.5794455157593</ele>
      <time>2026-06-15T01:14:35Z</time>
      </trkpt>
      <trkpt lat="47.21897938931551" lon="-113.53211170982091">
      <ele>1217.5794455157593</ele>
      <time>2026-06-15T01:14:50Z</time>
      </trkpt>
      <trkpt lat="47.21913001989828" lon="-113.532154960645">
      <ele>1217.4933799589053</ele>
      <time>2026-06-15T01:15:01Z</time>
      </trkpt>
      <trkpt lat="47.21913001989828" lon="-113.532154960645">
      <ele>1217.4797544097528</ele>
      <time>2026-06-15T01:15:05Z</time>
      </trkpt>
      <trkpt lat="47.21913001989828" lon="-113.532154960645">
      <ele>1217.3516616011038</ele>
      <time>2026-06-15T01:15:20Z</time>
      </trkpt>
      <trkpt lat="47.21922354114342" lon="-113.53218392754424">
      <ele>1218.0278398515657</ele>
      <time>2026-06-15T01:15:32Z</time>
      </trkpt>
      <trkpt lat="47.21922354114342" lon="-113.53218392754424">
      <ele>1218.1444702856243</ele>
      <time>2026-06-15T01:15:35Z</time>
      </trkpt>
      <trkpt lat="47.21922354114342" lon="-113.53218392754424">
      <ele>1218.1270768558607</ele>
      <time>2026-06-15T01:15:50Z</time>
      </trkpt>
      <trkpt lat="47.21931875079784" lon="-113.5322121963093">
      <ele>1218.3865794958547</ele>
      <time>2026-06-15T01:15:54Z</time>
      </trkpt>
      <trkpt lat="47.21945114654178" lon="-113.53220023758516">
      <ele>1217.8868286544457</ele>
      <time>2026-06-15T01:16:02Z</time>
      </trkpt>
      <trkpt lat="47.21945114654178" lon="-113.53220023758516">
      <ele>1218.4372385758907</ele>
      <time>2026-06-15T01:16:05Z</time>
      </trkpt>
      <trkpt lat="47.219539692744384" lon="-113.53217061861571">
      <ele>1218.336648366414</ele>
      <time>2026-06-15T01:16:13Z</time>
      </trkpt>
      <trkpt lat="47.219539692744384" lon="-113.53217061861571">
      <ele>1218.3693226994947</ele>
      <time>2026-06-15T01:16:20Z</time>
      </trkpt>
      <trkpt lat="47.219539692744384" lon="-113.53217061861571">
      <ele>1217.9238541619852</ele>
      <time>2026-06-15T01:16:35Z</time>
      </trkpt>
      <trkpt lat="47.219611910027815" lon="-113.53209188027176">
      <ele>1217.6263805991039</ele>
      <time>2026-06-15T01:16:50Z</time>
      </trkpt>
      <trkpt lat="47.219611910027815" lon="-113.53209188027176">
      <ele>1217.6263805991039</ele>
      <time>2026-06-15T01:16:50Z</time>
      </trkpt>
      <trkpt lat="47.219611910027815" lon="-113.53209188027176">
      <ele>1217.5691846124828</ele>
      <time>2026-06-15T01:17:05Z</time>
      </trkpt>
      <trkpt lat="47.219611910027815" lon="-113.53209188027176">
      <ele>1217.716643850319</ele>
      <time>2026-06-15T01:17:20Z</time>
      </trkpt>
      <trkpt lat="47.21961113931689" lon="-113.53195937208147">
      <ele>1217.510728941299</ele>
      <time>2026-06-15T01:17:30Z</time>
      </trkpt>
      <trkpt lat="47.21961113931689" lon="-113.53195937208147">
      <ele>1217.5659326622263</ele>
      <time>2026-06-15T01:17:35Z</time>
      </trkpt>
      <trkpt lat="47.21961113931689" lon="-113.53195937208147">
      <ele>1216.8926004273817</ele>
      <time>2026-06-15T01:17:50Z</time>
      </trkpt>
      <trkpt lat="47.21952550811401" lon="-113.53184064777527">
      <ele>1218.1379316756502</ele>
      <time>2026-06-15T01:18:01Z</time>
      </trkpt>
      <trkpt lat="47.21952550811401" lon="-113.53184064777527">
      <ele>1218.3370056441054</ele>
      <time>2026-06-15T01:18:05Z</time>
      </trkpt>
      <trkpt lat="47.21952550811401" lon="-113.53184064777527">
      <ele>1218.1662636473775</ele>
      <time>2026-06-15T01:18:20Z</time>
      </trkpt>
      <trkpt lat="47.21952550811401" lon="-113.53184064777527">
      <ele>1218.2999747022986</ele>
      <time>2026-06-15T01:18:35Z</time>
      </trkpt>
      <trkpt lat="47.21950148315436" lon="-113.53169762804818">
      <ele>1218.2777180960402</ele>
      <time>2026-06-15T01:18:45Z</time>
      </trkpt>
      <trkpt lat="47.21950148315436" lon="-113.53169762804818">
      <ele>1218.3512214682996</ele>
      <time>2026-06-15T01:18:50Z</time>
      </trkpt>
      <trkpt lat="47.21942890107274" lon="-113.53161453695634">
      <ele>1217.5950157325715</ele>
      <time>2026-06-15T01:18:58Z</time>
      </trkpt>
      <trkpt lat="47.21942890107274" lon="-113.53161453695634">
      <ele>1217.6423331797123</ele>
      <time>2026-06-15T01:19:05Z</time>
      </trkpt>
      <trkpt lat="47.2193338323047" lon="-113.53157526193618">
      <ele>1217.4926085202023</ele>
      <time>2026-06-15T01:19:07Z</time>
      </trkpt>
      <trkpt lat="47.2193338323047" lon="-113.53157526193618">
      <ele>1217.8925129566342</ele>
      <time>2026-06-15T01:19:20Z</time>
      </trkpt>
      <trkpt lat="47.219275487485525" lon="-113.53147306054032">
      <ele>1217.657535115257</ele>
      <time>2026-06-15T01:19:22Z</time>
      </trkpt>
      <trkpt lat="47.219275487485525" lon="-113.53147306054032">
      <ele>1217.9111130945385</ele>
      <time>2026-06-15T01:19:35Z</time>
      </trkpt>
      <trkpt lat="47.21924205473842" lon="-113.53134074939898">
      <ele>1217.9263446992263</ele>
      <time>2026-06-15T01:19:48Z</time>
      </trkpt>
      <trkpt lat="47.21924205473842" lon="-113.53134074939898">
      <ele>1217.8947702655569</ele>
      <time>2026-06-15T01:19:50Z</time>
      </trkpt>
      <trkpt lat="47.21921549018965" lon="-113.531192113056">
      <ele>1218.071785419248</ele>
      <time>2026-06-15T01:19:56Z</time>
      </trkpt>
      <trkpt lat="47.21921549018965" lon="-113.531192113056">
      <ele>1218.1516266940162</ele>
      <time>2026-06-15T01:20:05Z</time>
      </trkpt>
      <trkpt lat="47.21913086899697" lon="-113.5311428511099">
      <ele>1218.1572417495772</ele>
      <time>2026-06-15T01:20:06Z</time>
      </trkpt>
      <trkpt lat="47.21913086899697" lon="-113.5311428511099">
      <ele>1217.7004139488563</ele>
      <time>2026-06-15T01:20:20Z</time>
      </trkpt>
      <trkpt lat="47.21906573403783" lon="-113.5310489724255">
      <ele>1217.670895949006</ele>
      <time>2026-06-15T01:20:27Z</time>
      </trkpt>
      <trkpt lat="47.21906573403783" lon="-113.5310489724255">
      <ele>1217.613998095505</ele>
      <time>2026-06-15T01:20:35Z</time>
      </trkpt>
      <trkpt lat="47.21896230331886" lon="-113.5309789561646">
      <ele>1217.7258919458836</ele>
      <time>2026-06-15T01:20:47Z</time>
      </trkpt>
      <trkpt lat="47.21896230331886" lon="-113.5309789561646">
      <ele>1217.7219327716157</ele>
      <time>2026-06-15T01:20:50Z</time>
      </trkpt>
      <trkpt lat="47.21896230331886" lon="-113.5309789561646">
      <ele>1217.674099353142</ele>
      <time>2026-06-15T01:21:05Z</time>
      </trkpt>
      <trkpt lat="47.21890255901794" lon="-113.53086165645477">
      <ele>1217.6362832579762</ele>
      <time>2026-06-15T01:21:08Z</time>
      </trkpt>
      <trkpt lat="47.21883079678567" lon="-113.53077891106945">
      <ele>1217.7602089336142</ele>
      <time>2026-06-15T01:21:14Z</time>
      </trkpt>
      <trkpt lat="47.21872780199659" lon="-113.53077054800644">
      <ele>1217.904269828461</ele>
      <time>2026-06-15T01:21:17Z</time>
      </trkpt>
      <trkpt lat="47.21872780199659" lon="-113.53077054800644">
      <ele>1217.9549718964845</ele>
      <time>2026-06-15T01:21:20Z</time>
      </trkpt>
      <trkpt lat="47.21863552699099" lon="-113.53076389870941">
      <ele>1218.214274039492</ele>
      <time>2026-06-15T01:21:34Z</time>
      </trkpt>
      <trkpt lat="47.21863552699099" lon="-113.53076389870941">
      <ele>1218.0112851038575</ele>
      <time>2026-06-15T01:21:35Z</time>
      </trkpt>
      <trkpt lat="47.21863552699099" lon="-113.53076389870941">
      <ele>1218.3925388073549</ele>
      <time>2026-06-15T01:21:50Z</time>
      </trkpt>
      <trkpt lat="47.218536330525964" lon="-113.53071448230874">
      <ele>1218.3918328341097</ele>
      <time>2026-06-15T01:21:57Z</time>
      </trkpt>
      <trkpt lat="47.218536330525964" lon="-113.53071448230874">
      <ele>1218.2551991324872</ele>
      <time>2026-06-15T01:22:05Z</time>
      </trkpt>
      <trkpt lat="47.218536330525964" lon="-113.53071448230874">
      <ele>1218.2969509158283</ele>
      <time>2026-06-15T01:22:20Z</time>
      </trkpt>
      <trkpt lat="47.21843113340413" lon="-113.53067548454412">
      <ele>1218.147751881741</ele>
      <time>2026-06-15T01:22:27Z</time>
      </trkpt>
      <trkpt lat="47.21843113340413" lon="-113.53067548454412">
      <ele>1218.0617543105036</ele>
      <time>2026-06-15T01:22:35Z</time>
      </trkpt>
      <trkpt lat="47.21834063704814" lon="-113.5306416146719">
      <ele>1217.8282916601747</ele>
      <time>2026-06-15T01:22:39Z</time>
      </trkpt>
      <trkpt lat="47.21834063704814" lon="-113.5306416146719">
      <ele>1217.8519307496026</ele>
      <time>2026-06-15T01:22:50Z</time>
      </trkpt>
      <trkpt lat="47.218230642828054" lon="-113.53062758581791">
      <ele>1218.6123101869598</ele>
      <time>2026-06-15T01:22:51Z</time>
      </trkpt>
      <trkpt lat="47.218230642828054" lon="-113.53062758581791">
      <ele>1217.9248031126335</ele>
      <time>2026-06-15T01:23:05Z</time>
      </trkpt>
      <trkpt lat="47.218230642828054" lon="-113.53062758581791">
      <ele>1217.7747441492975</ele>
      <time>2026-06-15T01:23:20Z</time>
      </trkpt>
      <trkpt lat="47.21814087373837" lon="-113.53060070218945">
      <ele>1217.7799084475264</ele>
      <time>2026-06-15T01:23:22Z</time>
      </trkpt>
      <trkpt lat="47.21814087373837" lon="-113.53060070218945">
      <ele>1217.7794681303203</ele>
      <time>2026-06-15T01:23:35Z</time>
      </trkpt>
      <trkpt lat="47.21814087373837" lon="-113.53060070218945">
      <ele>1218.083836200647</ele>
      <time>2026-06-15T01:23:50Z</time>
      </trkpt>
      <trkpt lat="47.21814087373837" lon="-113.53060070218945">
      <ele>1218.083836200647</ele>
      <time>2026-06-15T01:24:05Z</time>
      </trkpt>
      <trkpt lat="47.21814087373837" lon="-113.53060070218945">
      <ele>1217.8915584217757</ele>
      <time>2026-06-15T01:24:20Z</time>
      </trkpt>
      <trkpt lat="47.218015875625234" lon="-113.53060978878047">
      <ele>1217.855965776369</ele>
      <time>2026-06-15T01:24:30Z</time>
      </trkpt>
      <trkpt lat="47.218015875625234" lon="-113.53060978878047">
      <ele>1217.8025323478505</ele>
      <time>2026-06-15T01:24:35Z</time>
      </trkpt>
      <trkpt lat="47.217914488243245" lon="-113.53058744127578">
      <ele>1217.6283539300784</ele>
      <time>2026-06-15T01:24:44Z</time>
      </trkpt>
      <trkpt lat="47.217914488243245" lon="-113.53058744127578">
      <ele>1218.517216378823</ele>
      <time>2026-06-15T01:24:50Z</time>
      </trkpt>
      <trkpt lat="47.21781963213017" lon="-113.53059286351319">
      <ele>1218.6198801910505</ele>
      <time>2026-06-15T01:25:01Z</time>
      </trkpt>
      <trkpt lat="47.21781963213017" lon="-113.53059286351319">
      <ele>1218.7812677687034</ele>
      <time>2026-06-15T01:25:05Z</time>
      </trkpt>
      <trkpt lat="47.21781963213017" lon="-113.53059286351319">
      <ele>1217.4009234989062</ele>
      <time>2026-06-15T01:25:20Z</time>
      </trkpt>
      <trkpt lat="47.21772055440136" lon="-113.53061324748722">
      <ele>1216.9913442479447</ele>
      <time>2026-06-15T01:25:21Z</time>
      </trkpt>
      <trkpt lat="47.21772055440136" lon="-113.53061324748722">
      <ele>1216.8304811203852</ele>
      <time>2026-06-15T01:25:35Z</time>
      </trkpt>
      <trkpt lat="47.21762702222639" lon="-113.53061390499849">
      <ele>1216.7969288490713</ele>
      <time>2026-06-15T01:25:37Z</time>
      </trkpt>
      <trkpt lat="47.21753022082286" lon="-113.53061023928453">
      <ele>1217.7541775656864</ele>
      <time>2026-06-15T01:25:50Z</time>
      </trkpt>
      <trkpt lat="47.21753022082286" lon="-113.53061023928453">
      <ele>1217.7541775656864</ele>
      <time>2026-06-15T01:25:50Z</time>
      </trkpt>
      <trkpt lat="47.21743666056944" lon="-113.53061257169146">
      <ele>1217.723776364699</ele>
      <time>2026-06-15T01:26:04Z</time>
      </trkpt>
      <trkpt lat="47.21743666056944" lon="-113.53061257169146">
      <ele>1217.8962015677243</ele>
      <time>2026-06-15T01:26:05Z</time>
      </trkpt>
      <trkpt lat="47.21743666056944" lon="-113.53061257169146">
      <ele>1218.261410205625</ele>
      <time>2026-06-15T01:26:20Z</time>
      </trkpt>
      <trkpt lat="47.21734340306561" lon="-113.5306149126422">
      <ele>1218.200673289597</ele>
      <time>2026-06-15T01:26:23Z</time>
      </trkpt>
      <trkpt lat="47.21734340306561" lon="-113.5306149126422">
      <ele>1218.2636341499165</ele>
      <time>2026-06-15T01:26:35Z</time>
      </trkpt>
      <trkpt lat="47.217250190165736" lon="-113.53062480652487">
      <ele>1218.1306809820235</ele>
      <time>2026-06-15T01:26:42Z</time>
      </trkpt>
      <trkpt lat="47.217250190165736" lon="-113.53062480652487">
      <ele>1217.848944131285</ele>
      <time>2026-06-15T01:26:50Z</time>
      </trkpt>
      <trkpt lat="47.21715475732149" lon="-113.53062495158383">
      <ele>1217.837734135799</ele>
      <time>2026-06-15T01:26:55Z</time>
      </trkpt>
      <trkpt lat="47.21715475732149" lon="-113.53062495158383">
      <ele>1217.7663779519498</ele>
      <time>2026-06-15T01:27:05Z</time>
      </trkpt>
      <trkpt lat="47.217062943758236" lon="-113.53060569991952">
      <ele>1217.602584792301</ele>
      <time>2026-06-15T01:27:09Z</time>
      </trkpt>
      <trkpt lat="47.217062943758236" lon="-113.53060569991952">
      <ele>1216.8718969952315</ele>
      <time>2026-06-15T01:27:20Z</time>
      </trkpt>
      <trkpt lat="47.216971095158144" lon="-113.53059745176859">
      <ele>1216.5740624582395</ele>
      <time>2026-06-15T01:27:34Z</time>
      </trkpt>
      <trkpt lat="47.216971095158144" lon="-113.53059745176859">
      <ele>1216.5960677834228</ele>
      <time>2026-06-15T01:27:35Z</time>
      </trkpt>
      <trkpt lat="47.21685784948279" lon="-113.53058044667067">
      <ele>1216.9436168754473</ele>
      <time>2026-06-15T01:27:49Z</time>
      </trkpt>
      <trkpt lat="47.21685784948279" lon="-113.53058044667067">
      <ele>1217.1355016808957</ele>
      <time>2026-06-15T01:27:50Z</time>
      </trkpt>
      <trkpt lat="47.21676917418591" lon="-113.53055824431404">
      <ele>1217.2185718184337</ele>
      <time>2026-06-15T01:28:03Z</time>
      </trkpt>
      <trkpt lat="47.21676917418591" lon="-113.53055824431404">
      <ele>1217.3265775348991</ele>
      <time>2026-06-15T01:28:05Z</time>
      </trkpt>
      <trkpt lat="47.21676917418591" lon="-113.53055824431404">
      <ele>1217.1154353255406</ele>
      <time>2026-06-15T01:28:20Z</time>
      </trkpt>
      <trkpt lat="47.21667855102014" lon="-113.53053928761858">
      <ele>1217.2090180236846</ele>
      <time>2026-06-15T01:28:25Z</time>
      </trkpt>
      <trkpt lat="47.21667855102014" lon="-113.53053928761858">
      <ele>1217.6612246427685</ele>
      <time>2026-06-15T01:28:35Z</time>
      </trkpt>
      <trkpt lat="47.21656534419892" lon="-113.53051659315442">
      <ele>1218.8745867060497</ele>
      <time>2026-06-15T01:28:44Z</time>
      </trkpt>
      <trkpt lat="47.21656534419892" lon="-113.53051659315442">
      <ele>1219.280026042834</ele>
      <time>2026-06-15T01:28:50Z</time>
      </trkpt>
      <trkpt lat="47.21656534419892" lon="-113.53051659315442">
      <ele>1219.280026042834</ele>
      <time>2026-06-15T01:29:05Z</time>
      </trkpt>
      <trkpt lat="47.21647468151307" lon="-113.53054135117341">
      <ele>1219.6830518646166</ele>
      <time>2026-06-15T01:29:10Z</time>
      </trkpt>
      <trkpt lat="47.21647468151307" lon="-113.53054135117341">
      <ele>1219.5313388621435</ele>
      <time>2026-06-15T01:29:20Z</time>
      </trkpt>
      <trkpt lat="47.21647468151307" lon="-113.53054135117341">
      <ele>1219.5313388621435</ele>
      <time>2026-06-15T01:29:35Z</time>
      </trkpt>
      <trkpt lat="47.21647468151307" lon="-113.53054135117341">
      <ele>1219.5313388621435</ele>
      <time>2026-06-15T01:29:50Z</time>
      </trkpt>
      <trkpt lat="47.21647468151307" lon="-113.53054135117341">
      <ele>1219.5313388621435</ele>
      <time>2026-06-15T01:30:05Z</time>
      </trkpt>
      <trkpt lat="47.21631655179416" lon="-113.53064416448643">
      <ele>1216.7493798080832</ele>
      <time>2026-06-15T01:30:06Z</time>
      </trkpt>
      <trkpt lat="47.21631655179416" lon="-113.53064416448643">
      <ele>1216.706825742498</ele>
      <time>2026-06-15T01:30:20Z</time>
      </trkpt>
      <trkpt lat="47.21623233831534" lon="-113.53070167622235">
      <ele>1216.8185285804793</ele>
      <time>2026-06-15T01:30:21Z</time>
      </trkpt>
      <trkpt lat="47.21623233831534" lon="-113.53070167622235">
      <ele>1217.3965746397153</ele>
      <time>2026-06-15T01:30:35Z</time>
      </trkpt>
      <trkpt lat="47.21614265187585" lon="-113.5307657682326">
      <ele>1218.1301460759714</ele>
      <time>2026-06-15T01:30:45Z</time>
      </trkpt>
      <trkpt lat="47.21614265187585" lon="-113.5307657682326">
      <ele>1218.4406597726047</ele>
      <time>2026-06-15T01:30:50Z</time>
      </trkpt>
      <trkpt lat="47.21614265187585" lon="-113.5307657682326">
      <ele>1219.0947345793247</ele>
      <time>2026-06-15T01:31:05Z</time>
      </trkpt>
      <trkpt lat="47.216060939385535" lon="-113.53082516731943">
      <ele>1219.0643098428845</ele>
      <time>2026-06-15T01:31:08Z</time>
      </trkpt>
      <trkpt lat="47.216060939385535" lon="-113.53082516731943">
      <ele>1218.8043059110641</ele>
      <time>2026-06-15T01:31:20Z</time>
      </trkpt>
      <trkpt lat="47.21597758485778" lon="-113.53087809223818">
      <ele>1219.0014280453324</ele>
      <time>2026-06-15T01:31:34Z</time>
      </trkpt>
      <trkpt lat="47.21597758485778" lon="-113.53087809223818">
      <ele>1219.0628196373582</ele>
      <time>2026-06-15T01:31:35Z</time>
      </trkpt>
      <trkpt lat="47.21597758485778" lon="-113.53087809223818">
      <ele>1219.3700553113595</ele>
      <time>2026-06-15T01:31:50Z</time>
      </trkpt>
      <trkpt lat="47.21589026755255" lon="-113.53091865795673">
      <ele>1217.381182193756</ele>
      <time>2026-06-15T01:32:03Z</time>
      </trkpt>
      <trkpt lat="47.21589026755255" lon="-113.53091865795673">
      <ele>1217.2160323727876</ele>
      <time>2026-06-15T01:32:05Z</time>
      </trkpt>
      <trkpt lat="47.21589026755255" lon="-113.53091865795673">
      <ele>1216.5928127709776</ele>
      <time>2026-06-15T01:32:20Z</time>
      </trkpt>
      <trkpt lat="47.21580251747072" lon="-113.53098587302802">
      <ele>1214.6368741532788</ele>
      <time>2026-06-15T01:32:30Z</time>
      </trkpt>
      <trkpt lat="47.21580251747072" lon="-113.53098587302802">
      <ele>1214.746342074126</ele>
      <time>2026-06-15T01:32:35Z</time>
      </trkpt>
      <trkpt lat="47.21580251747072" lon="-113.53098587302802">
      <ele>1215.3237848533317</ele>
      <time>2026-06-15T01:32:50Z</time>
      </trkpt>
      <trkpt lat="47.21580251747072" lon="-113.53098587302802">
      <ele>1215.3237848533317</ele>
      <time>2026-06-15T01:33:05Z</time>
      </trkpt>
      <trkpt lat="47.21568721842697" lon="-113.53116560699274">
      <ele>1214.3629174837843</ele>
      <time>2026-06-15T01:33:17Z</time>
      </trkpt>
      <trkpt lat="47.21568721842697" lon="-113.53116560699274">
      <ele>1215.0332237267867</ele>
      <time>2026-06-15T01:33:20Z</time>
      </trkpt>
      <trkpt lat="47.21568721842697" lon="-113.53116560699274">
      <ele>1215.7019948288798</ele>
      <time>2026-06-15T01:33:35Z</time>
      </trkpt>
      <trkpt lat="47.21568721842697" lon="-113.53116560699274">
      <ele>1215.7019948288798</ele>
      <time>2026-06-15T01:33:50Z</time>
      </trkpt>
      <trkpt lat="47.21561568604992" lon="-113.53127454269355">
      <ele>1216.444926932454</ele>
      <time>2026-06-15T01:33:51Z</time>
      </trkpt>
      <trkpt lat="47.21561568604992" lon="-113.53127454269355">
      <ele>1216.8783468389884</ele>
      <time>2026-06-15T01:34:05Z</time>
      </trkpt>
      <trkpt lat="47.21553694406873" lon="-113.53135882405508">
      <ele>1217.0391997965053</ele>
      <time>2026-06-15T01:34:09Z</time>
      </trkpt>
      <trkpt lat="47.21553694406873" lon="-113.53135882405508">
      <ele>1216.9874035371467</ele>
      <time>2026-06-15T01:34:20Z</time>
      </trkpt>
      <trkpt lat="47.21544872351814" lon="-113.53141593823855">
      <ele>1217.0680295908824</ele>
      <time>2026-06-15T01:34:23Z</time>
      </trkpt>
      <trkpt lat="47.21544872351814" lon="-113.53141593823855">
      <ele>1217.333863091655</ele>
      <time>2026-06-15T01:34:35Z</time>
      </trkpt>
      <trkpt lat="47.21536133423588" lon="-113.53146311625498">
      <ele>1213.7351799402386</ele>
      <time>2026-06-15T01:34:39Z</time>
      </trkpt>
      <trkpt lat="47.21536133423588" lon="-113.53146311625498">
      <ele>1213.7301296321675</ele>
      <time>2026-06-15T01:34:50Z</time>
      </trkpt>
      <trkpt lat="47.215270344393154" lon="-113.53147074977186">
      <ele>1214.1843907907605</ele>
      <time>2026-06-15T01:34:56Z</time>
      </trkpt>
      <trkpt lat="47.215270344393154" lon="-113.53147074977186">
      <ele>1215.1647318731993</ele>
      <time>2026-06-15T01:35:05Z</time>
      </trkpt>
      <trkpt lat="47.21517448198422" lon="-113.53146523492083">
      <ele>1214.508710063994</ele>
      <time>2026-06-15T01:35:15Z</time>
      </trkpt>
      <trkpt lat="47.21517448198422" lon="-113.53146523492083">
      <ele>1215.0714716156945</ele>
      <time>2026-06-15T01:35:20Z</time>
      </trkpt>
      <trkpt lat="47.21517448198422" lon="-113.53146523492083">
      <ele>1216.0512213325128</ele>
      <time>2026-06-15T01:35:35Z</time>
      </trkpt>
      <trkpt lat="47.21508334871123" lon="-113.53145661078727">
      <ele>1216.2954140268266</ele>
      <time>2026-06-15T01:35:36Z</time>
      </trkpt>
      <trkpt lat="47.21508334871123" lon="-113.53145661078727">
      <ele>1216.4481342323124</ele>
      <time>2026-06-15T01:35:50Z</time>
      </trkpt>
      <trkpt lat="47.215010243248166" lon="-113.53137899734169">
      <ele>1216.5690449997783</ele>
      <time>2026-06-15T01:36:03Z</time>
      </trkpt>
      <trkpt lat="47.215010243248166" lon="-113.53137899734169">
      <ele>1216.690731444396</ele>
      <time>2026-06-15T01:36:05Z</time>
      </trkpt>
      <trkpt lat="47.215010243248166" lon="-113.53137899734169">
      <ele>1216.6880556549877</ele>
      <time>2026-06-15T01:36:20Z</time>
      </trkpt>
      <trkpt lat="47.21495925679866" lon="-113.5312684475261">
      <ele>1216.9919268069789</ele>
      <time>2026-06-15T01:36:26Z</time>
      </trkpt>
      <trkpt lat="47.21495925679866" lon="-113.5312684475261">
      <ele>1217.034773575142</ele>
      <time>2026-06-15T01:36:35Z</time>
      </trkpt>
      <trkpt lat="47.214941978971986" lon="-113.53113764839655">
      <ele>1215.045752347447</ele>
      <time>2026-06-15T01:36:48Z</time>
      </trkpt>
      <trkpt lat="47.214941978971986" lon="-113.53113764839655">
      <ele>1214.8328314414248</ele>
      <time>2026-06-15T01:36:50Z</time>
      </trkpt>
      <trkpt lat="47.214941978971986" lon="-113.53113764839655">
      <ele>1214.346855682321</ele>
      <time>2026-06-15T01:37:05Z</time>
      </trkpt>
      <trkpt lat="47.2149209213829" lon="-113.53100916725232">
      <ele>1214.6047870917246</ele>
      <time>2026-06-15T01:37:07Z</time>
      </trkpt>
      <trkpt lat="47.2149209213829" lon="-113.53100916725232">
      <ele>1215.2655899794772</ele>
      <time>2026-06-15T01:37:20Z</time>
      </trkpt>
      <trkpt lat="47.2149171537398" lon="-113.53087020232843">
      <ele>1215.3698049318045</ele>
      <time>2026-06-15T01:37:25Z</time>
      </trkpt>
      <trkpt lat="47.2149171537398" lon="-113.53087020232843">
      <ele>1215.4194816090167</ele>
      <time>2026-06-15T01:37:35Z</time>
      </trkpt>
      <trkpt lat="47.214920423036666" lon="-113.53073505345941">
      <ele>1215.778626108542</ele>
      <time>2026-06-15T01:37:43Z</time>
      </trkpt>
      <trkpt lat="47.214920423036666" lon="-113.53073505345941">
      <ele>1216.0371387386695</ele>
      <time>2026-06-15T01:37:50Z</time>
      </trkpt>
      <trkpt lat="47.214918343581026" lon="-113.53059638659302">
      <ele>1215.871006289497</ele>
      <time>2026-06-15T01:38:03Z</time>
      </trkpt>
      <trkpt lat="47.214918343581026" lon="-113.53059638659302">
      <ele>1216.0613641776145</ele>
      <time>2026-06-15T01:38:05Z</time>
      </trkpt>
      <trkpt lat="47.214918343581026" lon="-113.53059638659302">
      <ele>1216.1180939013138</ele>
      <time>2026-06-15T01:38:20Z</time>
      </trkpt>
      <trkpt lat="47.214918343581026" lon="-113.53059638659302">
      <ele>1216.0081026805565</ele>
      <time>2026-06-15T01:38:35Z</time>
      </trkpt>
      <trkpt lat="47.21491218765643" lon="-113.53040845819258">
      <ele>1215.8123627612367</ele>
      <time>2026-06-15T01:38:46Z</time>
      </trkpt>
      <trkpt lat="47.21491218765643" lon="-113.53040845819258">
      <ele>1216.1201435178518</ele>
      <time>2026-06-15T01:38:50Z</time>
      </trkpt>
      <trkpt lat="47.21488854705918" lon="-113.5302805110719">
      <ele>1216.4108304511756</ele>
      <time>2026-06-15T01:39:04Z</time>
      </trkpt>
      <trkpt lat="47.21488854705918" lon="-113.5302805110719">
      <ele>1216.5200546588749</ele>
      <time>2026-06-15T01:39:05Z</time>
      </trkpt>
      <trkpt lat="47.21485015956384" lon="-113.53016084623683">
      <ele>1217.3762219632044</ele>
      <time>2026-06-15T01:39:20Z</time>
      </trkpt>
      <trkpt lat="47.21485015956384" lon="-113.53016084623683">
      <ele>1217.3762219632044</ele>
      <time>2026-06-15T01:39:20Z</time>
      </trkpt>
      <trkpt lat="47.214799133762895" lon="-113.53005040405236">
      <ele>1217.6876363176852</ele>
      <time>2026-06-15T01:39:34Z</time>
      </trkpt>
      <trkpt lat="47.214799133762895" lon="-113.53005040405236">
      <ele>1217.7648866316304</ele>
      <time>2026-06-15T01:39:35Z</time>
      </trkpt>
      <trkpt lat="47.2147379156453" lon="-113.52994228348847">
      <ele>1217.3430238356814</ele>
      <time>2026-06-15T01:39:49Z</time>
      </trkpt>
      <trkpt lat="47.2147379156453" lon="-113.52994228348847">
      <ele>1217.2898509260267</ele>
      <time>2026-06-15T01:39:50Z</time>
      </trkpt>
      <trkpt lat="47.2147379156453" lon="-113.52994228348847">
      <ele>1217.793140720576</ele>
      <time>2026-06-15T01:40:05Z</time>
      </trkpt>
      <trkpt lat="47.21467459327863" lon="-113.52984101945235">
      <ele>1217.7511237822473</ele>
      <time>2026-06-15T01:40:09Z</time>
      </trkpt>
      <trkpt lat="47.21467459327863" lon="-113.52984101945235">
      <ele>1218.044637894258</ele>
      <time>2026-06-15T01:40:20Z</time>
      </trkpt>
      <trkpt lat="47.21460741789331" lon="-113.52974328422586">
      <ele>1218.402338908054</ele>
      <time>2026-06-15T01:40:34Z</time>
      </trkpt>
      <trkpt lat="47.21460741789331" lon="-113.52974328422586">
      <ele>1218.2003224119544</ele>
      <time>2026-06-15T01:40:35Z</time>
      </trkpt>
      <trkpt lat="47.21460741789331" lon="-113.52974328422586">
      <ele>1217.9897445449606</ele>
      <time>2026-06-15T01:40:50Z</time>
      </trkpt>
      <trkpt lat="47.21455061611727" lon="-113.52962815287474">
      <ele>1216.8066293867305</ele>
      <time>2026-06-15T01:41:04Z</time>
      </trkpt>
      <trkpt lat="47.21455061611727" lon="-113.52962815287474">
      <ele>1216.727567087859</ele>
      <time>2026-06-15T01:41:05Z</time>
      </trkpt>
      <trkpt lat="47.21455061611727" lon="-113.52962815287474">
      <ele>1216.59387829341</ele>
      <time>2026-06-15T01:41:20Z</time>
      </trkpt>
      <trkpt lat="47.21446979222815" lon="-113.52953390582928">
      <ele>1216.5700499201193</ele>
      <time>2026-06-15T01:41:28Z</time>
      </trkpt>
      <trkpt lat="47.21446979222815" lon="-113.52953390582928">
      <ele>1216.6849451437593</ele>
      <time>2026-06-15T01:41:35Z</time>
      </trkpt>
      <trkpt lat="47.214392657712786" lon="-113.52946254626801">
      <ele>1216.24331686832</ele>
      <time>2026-06-15T01:41:49Z</time>
      </trkpt>
      <trkpt lat="47.214392657712786" lon="-113.52946254626801">
      <ele>1215.9399838112295</ele>
      <time>2026-06-15T01:41:50Z</time>
      </trkpt>
      <trkpt lat="47.214392657712786" lon="-113.52946254626801">
      <ele>1216.5322005525231</ele>
      <time>2026-06-15T01:42:05Z</time>
      </trkpt>
      <trkpt lat="47.21431617810428" lon="-113.52938894392801">
      <ele>1216.7282109856606</ele>
      <time>2026-06-15T01:42:08Z</time>
      </trkpt>
      <trkpt lat="47.21431617810428" lon="-113.52938894392801">
      <ele>1217.2215886171907</ele>
      <time>2026-06-15T01:42:20Z</time>
      </trkpt>
      <trkpt lat="47.21423900071683" lon="-113.5293159229066">
      <ele>1219.2483101105317</ele>
      <time>2026-06-15T01:42:26Z</time>
      </trkpt>
      <trkpt lat="47.21423900071683" lon="-113.5293159229066">
      <ele>1219.0583609305322</ele>
      <time>2026-06-15T01:42:35Z</time>
      </trkpt>
      <trkpt lat="47.21416669059597" lon="-113.52922812137875">
      <ele>1218.9067654944956</ele>
      <time>2026-06-15T01:42:42Z</time>
      </trkpt>
      <trkpt lat="47.21416669059597" lon="-113.52922812137875">
      <ele>1218.1882044896483</ele>
      <time>2026-06-15T01:42:50Z</time>
      </trkpt>
      <trkpt lat="47.214108212685964" lon="-113.52912531772849">
      <ele>1217.9845125321299</ele>
      <time>2026-06-15T01:42:59Z</time>
      </trkpt>
      <trkpt lat="47.214108212685964" lon="-113.52912531772849">
      <ele>1217.758931029588</ele>
      <time>2026-06-15T01:43:05Z</time>
      </trkpt>
      <trkpt lat="47.214068917672265" lon="-113.52900099670735">
      <ele>1217.5244735209271</ele>
      <time>2026-06-15T01:43:18Z</time>
      </trkpt>
      <trkpt lat="47.214068917672265" lon="-113.52900099670735">
      <ele>1217.469337111339</ele>
      <time>2026-06-15T01:43:20Z</time>
      </trkpt>
      <trkpt lat="47.214068917672265" lon="-113.52900099670735">
      <ele>1217.3222765577957</ele>
      <time>2026-06-15T01:43:35Z</time>
      </trkpt>
      <trkpt lat="47.21402437701089" lon="-113.52888148228912">
      <ele>1217.2766695898026</ele>
      <time>2026-06-15T01:43:38Z</time>
      </trkpt>
      <trkpt lat="47.21402437701089" lon="-113.52888148228912">
      <ele>1217.6520558642223</ele>
      <time>2026-06-15T01:43:50Z</time>
      </trkpt>
      <trkpt lat="47.21396768735307" lon="-113.52875805519867">
      <ele>1218.0848225867376</ele>
      <time>2026-06-15T01:43:57Z</time>
      </trkpt>
      <trkpt lat="47.21396768735307" lon="-113.52875805519867">
      <ele>1217.9297272758558</ele>
      <time>2026-06-15T01:44:05Z</time>
      </trkpt>
      <trkpt lat="47.21393603217176" lon="-113.52863314070575">
      <ele>1217.5418445272371</ele>
      <time>2026-06-15T01:44:15Z</time>
      </trkpt>
      <trkpt lat="47.21393603217176" lon="-113.52863314070575">
      <ele>1217.4114580051973</ele>
      <time>2026-06-15T01:44:20Z</time>
      </trkpt>
      <trkpt lat="47.21390681558678" lon="-113.52848920173716">
      <ele>1216.8334500417113</ele>
      <time>2026-06-15T01:44:35Z</time>
      </trkpt>
      <trkpt lat="47.21390681558678" lon="-113.52848920173716">
      <ele>1216.8334500417113</ele>
      <time>2026-06-15T01:44:35Z</time>
      </trkpt>
      <trkpt lat="47.21390681558678" lon="-113.52848920173716">
      <ele>1217.560684710741</ele>
      <time>2026-06-15T01:44:50Z</time>
      </trkpt>
      <trkpt lat="47.213872648298974" lon="-113.52833186574551">
      <ele>1218.3810752714053</ele>
      <time>2026-06-15T01:44:54Z</time>
      </trkpt>
      <trkpt lat="47.213872648298974" lon="-113.52833186574551">
      <ele>1218.4563401592895</ele>
      <time>2026-06-15T01:45:05Z</time>
      </trkpt>
      <trkpt lat="47.2138137405118" lon="-113.52815696383051">
      <ele>1221.231816337444</ele>
      <time>2026-06-15T01:45:20Z</time>
      </trkpt>
      <trkpt lat="47.2138137405118" lon="-113.52815696383051">
      <ele>1221.231816337444</ele>
      <time>2026-06-15T01:45:20Z</time>
      </trkpt>
      <trkpt lat="47.2138137405118" lon="-113.52815696383051">
      <ele>1220.147233331576</ele>
      <time>2026-06-15T01:45:35Z</time>
      </trkpt>
      <trkpt lat="47.213763439155" lon="-113.52804301945329">
      <ele>1219.4867635592818</ele>
      <time>2026-06-15T01:45:41Z</time>
      </trkpt>
      <trkpt lat="47.213763439155" lon="-113.52804301945329">
      <ele>1218.5648274542764</ele>
      <time>2026-06-15T01:45:50Z</time>
      </trkpt>
      <trkpt lat="47.213763439155" lon="-113.52804301945329">
      <ele>1218.3761628344655</ele>
      <time>2026-06-15T01:46:05Z</time>
      </trkpt>
      <trkpt lat="47.213695920024186" lon="-113.52794467110029">
      <ele>1218.2433985518292</ele>
      <time>2026-06-15T01:46:08Z</time>
      </trkpt>
      <trkpt lat="47.213695920024186" lon="-113.52794467110029">
      <ele>1217.9426751779392</ele>
      <time>2026-06-15T01:46:20Z</time>
      </trkpt>
      <trkpt lat="47.213695920024186" lon="-113.52794467110029">
      <ele>1217.1013024421409</ele>
      <time>2026-06-15T01:46:35Z</time>
      </trkpt>
      <trkpt lat="47.21361520571159" lon="-113.52788244877463">
      <ele>1217.1127048004419</ele>
      <time>2026-06-15T01:46:43Z</time>
      </trkpt>
      <trkpt lat="47.21361520571159" lon="-113.52788244877463">
      <ele>1216.5815518852323</ele>
      <time>2026-06-15T01:46:50Z</time>
      </trkpt>
      <trkpt lat="47.21352597768088" lon="-113.52792927189468">
      <ele>1216.8412831937894</ele>
      <time>2026-06-15T01:46:57Z</time>
      </trkpt>
      <trkpt lat="47.21352597768088" lon="-113.52792927189468">
      <ele>1216.9688043314964</ele>
      <time>2026-06-15T01:47:05Z</time>
      </trkpt>
      <trkpt lat="47.21346120592348" lon="-113.52803161682439">
      <ele>1217.1012412337586</ele>
      <time>2026-06-15T01:47:10Z</time>
      </trkpt>
      <trkpt lat="47.21346120592348" lon="-113.52803161682439">
      <ele>1216.03737494722</ele>
      <time>2026-06-15T01:47:20Z</time>
      </trkpt>
      <trkpt lat="47.21342816734456" lon="-113.52815894023122">
      <ele>1216.4399491371587</ele>
      <time>2026-06-15T01:47:25Z</time>
      </trkpt>
      <trkpt lat="47.21342816734456" lon="-113.52815894023122">
      <ele>1216.9855719972402</ele>
      <time>2026-06-15T01:47:35Z</time>
      </trkpt>
      <trkpt lat="47.21339940699476" lon="-113.52828516638775">
      <ele>1216.1398934861645</ele>
      <time>2026-06-15T01:47:48Z</time>
      </trkpt>
      <trkpt lat="47.21339940699476" lon="-113.52828516638775">
      <ele>1215.7700284430757</ele>
      <time>2026-06-15T01:47:50Z</time>
      </trkpt>
      <trkpt lat="47.21334479082186" lon="-113.52839058949392">
      <ele>1215.7993941251189</ele>
      <time>2026-06-15T01:48:04Z</time>
      </trkpt>
      <trkpt lat="47.21334479082186" lon="-113.52839058949392">
      <ele>1216.0447920234874</ele>
      <time>2026-06-15T01:48:05Z</time>
      </trkpt>
      <trkpt lat="47.21334479082186" lon="-113.52839058949392">
      <ele>1216.4697506837547</ele>
      <time>2026-06-15T01:48:20Z</time>
      </trkpt>
      <trkpt lat="47.21328554058319" lon="-113.52849091749285">
      <ele>1216.4528206437826</ele>
      <time>2026-06-15T01:48:22Z</time>
      </trkpt>
      <trkpt lat="47.21328554058319" lon="-113.52849091749285">
      <ele>1216.908349731937</ele>
      <time>2026-06-15T01:48:35Z</time>
      </trkpt>
      <trkpt lat="47.21324984276496" lon="-113.52862365036034">
      <ele>1216.25338206999</ele>
      <time>2026-06-15T01:48:47Z</time>
      </trkpt>
      <trkpt lat="47.21324984276496" lon="-113.52862365036034">
      <ele>1216.454338309355</ele>
      <time>2026-06-15T01:48:50Z</time>
      </trkpt>
      <trkpt lat="47.21320106383714" lon="-113.52873627213577">
      <ele>1217.7240495514125</ele>
      <time>2026-06-15T01:49:02Z</time>
      </trkpt>
      <trkpt lat="47.21320106383714" lon="-113.52873627213577">
      <ele>1218.09679101035</ele>
      <time>2026-06-15T01:49:05Z</time>
      </trkpt>
      <trkpt lat="47.21320106383714" lon="-113.52873627213577">
      <ele>1218.8409972162917</ele>
      <time>2026-06-15T01:49:20Z</time>
      </trkpt>
      <trkpt lat="47.21312271263382" lon="-113.52880471851934">
      <ele>1218.770400395617</ele>
      <time>2026-06-15T01:49:21Z</time>
      </trkpt>
      <trkpt lat="47.21312271263382" lon="-113.52880471851934">
      <ele>1218.973957230337</ele>
      <time>2026-06-15T01:49:35Z</time>
      </trkpt>
      <trkpt lat="47.21303518406321" lon="-113.52877074390167">
      <ele>1218.5833356771618</ele>
      <time>2026-06-15T01:49:38Z</time>
      </trkpt>
      <trkpt lat="47.21303518406321" lon="-113.52877074390167">
      <ele>1218.2444998370484</ele>
      <time>2026-06-15T01:49:50Z</time>
      </trkpt>
      <trkpt lat="47.21295351287524" lon="-113.52869976502603">
      <ele>1217.9929465986788</ele>
      <time>2026-06-15T01:49:55Z</time>
      </trkpt>
      <trkpt lat="47.21295351287524" lon="-113.52869976502603">
      <ele>1217.7630129642785</ele>
      <time>2026-06-15T01:50:05Z</time>
      </trkpt>
      <trkpt lat="47.21288208798228" lon="-113.52861766379817">
      <ele>1217.3751029958948</ele>
      <time>2026-06-15T01:50:12Z</time>
      </trkpt>
      <trkpt lat="47.21288208798228" lon="-113.52861766379817">
      <ele>1217.058194453828</ele>
      <time>2026-06-15T01:50:20Z</time>
      </trkpt>
      <trkpt lat="47.21281780693812" lon="-113.528513842383">
      <ele>1217.5781760932878</ele>
      <time>2026-06-15T01:50:26Z</time>
      </trkpt>
      <trkpt lat="47.21281780693812" lon="-113.528513842383">
      <ele>1216.816286017187</ele>
      <time>2026-06-15T01:50:35Z</time>
      </trkpt>
      <trkpt lat="47.21274606696049" lon="-113.52842522728848">
      <ele>1217.152644163929</ele>
      <time>2026-06-15T01:50:40Z</time>
      </trkpt>
      <trkpt lat="47.21274606696049" lon="-113.52842522728848">
      <ele>1217.549573559314</ele>
      <time>2026-06-15T01:50:50Z</time>
      </trkpt>
      <trkpt lat="47.21269691811435" lon="-113.52831224008924">
      <ele>1216.6184270596132</ele>
      <time>2026-06-15T01:50:55Z</time>
      </trkpt>
      <trkpt lat="47.21269691811435" lon="-113.52831224008924">
      <ele>1216.869425650686</ele>
      <time>2026-06-15T01:51:05Z</time>
      </trkpt>
      <trkpt lat="47.21264567180249" lon="-113.52820048441907">
      <ele>1216.6779465768486</ele>
      <time>2026-06-15T01:51:10Z</time>
      </trkpt>
      <trkpt lat="47.21264567180249" lon="-113.52820048441907">
      <ele>1216.6958602964878</ele>
      <time>2026-06-15T01:51:20Z</time>
      </trkpt>
      <trkpt lat="47.212588918493424" lon="-113.52809711105202">
      <ele>1216.6746567571536</ele>
      <time>2026-06-15T01:51:28Z</time>
      </trkpt>
      <trkpt lat="47.212588918493424" lon="-113.52809711105202">
      <ele>1218.0113640548661</ele>
      <time>2026-06-15T01:51:35Z</time>
      </trkpt>
      <trkpt lat="47.212588918493424" lon="-113.52809711105202">
      <ele>1214.164783231914</ele>
      <time>2026-06-15T01:51:50Z</time>
      </trkpt>
      <trkpt lat="47.21252431878311" lon="-113.52796107231723">
      <ele>1213.5074202297255</ele>
      <time>2026-06-15T01:51:51Z</time>
      </trkpt>
      <trkpt lat="47.21252431878311" lon="-113.52796107231723">
      <ele>1213.5176186617464</ele>
      <time>2026-06-15T01:52:05Z</time>
      </trkpt>
      <trkpt lat="47.21252431878311" lon="-113.52796107231723">
      <ele>1213.5176186617464</ele>
      <time>2026-06-15T01:52:20Z</time>
      </trkpt>
      <trkpt lat="47.21242648139077" lon="-113.52771621613174">
      <ele>1216.7353472495452</ele>
      <time>2026-06-15T01:52:21Z</time>
      </trkpt>
      <trkpt lat="47.21242648139077" lon="-113.52771621613174">
      <ele>1215.8449543314055</ele>
      <time>2026-06-15T01:52:35Z</time>
      </trkpt>
      <trkpt lat="47.21242648139077" lon="-113.52771621613174">
      <ele>1215.8449543314055</ele>
      <time>2026-06-15T01:52:50Z</time>
      </trkpt>
      <trkpt lat="47.21234639645088" lon="-113.52751164772515">
      <ele>1218.2002182332799</ele>
      <time>2026-06-15T01:52:51Z</time>
      </trkpt>
      <trkpt lat="47.21234639645088" lon="-113.52751164772515">
      <ele>1218.1774424426258</ele>
      <time>2026-06-15T01:53:05Z</time>
      </trkpt>
      <trkpt lat="47.21234639645088" lon="-113.52751164772515">
      <ele>1219.16654933244</ele>
      <time>2026-06-15T01:53:20Z</time>
      </trkpt>
      <trkpt lat="47.21234639645088" lon="-113.52751164772515">
      <ele>1219.790224599652</ele>
      <time>2026-06-15T01:53:35Z</time>
      </trkpt>
      <trkpt lat="47.21234639645088" lon="-113.52751164772515">
      <ele>1219.790224599652</ele>
      <time>2026-06-15T01:53:50Z</time>
      </trkpt>
      <trkpt lat="47.21234639645088" lon="-113.52751164772515">
      <ele>1217.4726648144424</ele>
      <time>2026-06-15T01:54:05Z</time>
      </trkpt>
    </trkseg>
  </trk>
</gpx>